name|effects|id|type|defense|castingSpeed|strReq|dexReq|intReq|faithReq|weight|poiseDmg|counter|durability|buffable|resinable|notes||normalPhys|normalMagic|normalFire|normalLightning|normalDark|normalBleed|normalPoison|normalScalingStr|normalScalingDex|normalScalingMagic|normalScalingFire|normalScalingLightning|normalScalingDark|rawPhys|rawMagic|rawFire|rawLightning|rawDark|rawBleed|rawPoison|rawScalingStr|rawScalingDex|rawScalingMagic|rawScalingFire|rawScalingLightning|rawScalingDark|magicPhys|magicMagic|magicFire|magicLightning|magicDark|magicBleed|magicPoison|magicScalingStr|magicScalingDex|magicScalingMagic|magicScalingFire|magicScalingLightning|magicScalingDark|rawPhys|rawMagic|rawFire|rawLightning|rawDark|rawBleed|rawPoison|rawScalingStr|rawScalingDex|rawScalingMagic|rawScalingFire|rawScalingLightning|rawScalingDark|rawPhys|rawMagic|rawFire|rawLightning|rawDark|rawBleed|rawPoison|rawScalingStr|rawScalingDex|rawScalingMagic|rawScalingFire|rawScalingLightning|rawScalingDark|rawPhys|rawMagic|rawFire|rawLightning|rawDark|rawBleed|rawPoison|rawScalingStr|rawScalingDex|rawScalingMagic|rawScalingFire|rawScalingLightning|rawScalingDark|rawPhys|rawMagic|rawFire|rawLightning|rawDark|rawBleed|rawPoison|rawScalingStr|rawScalingDex|rawScalingMagic|rawScalingFire|rawScalingLightning|rawScalingDark|rawPhys|rawMagic|rawFire|rawLightning|rawDark|rawBleed|rawPoison|rawScalingStr|rawScalingDex|rawScalingMagic|rawScalingFire|rawScalingLightning|rawScalingDark|rawPhys|rawMagic|rawFire|rawLightning|rawDark|rawBleed|rawPoison|rawScalingStr|rawScalingDex|rawScalingMagic|rawScalingFire|rawScalingLightning|rawScalingDark|mundanePhys|mundaneMagic|mundaneFire|mundaneLightning|mundaneDark|mundaneBleed|mundanePoison|mundaneScalingStr|mundaneScalingDex|mundaneScalingMagic|mundaneScalingFire|mundaneScalingLightning|mundaneScalingDark
 Bare Fists||0|Fists|||0|0|0|0|0||||No|No|||10|0|0|0|0|||50|15|0|0|0|0|275|0|0|0|0|||0|0|0|0|0|0|125|125|0|0|0|||0|0||0|0|0|||||||||||||||||||||||||||||||||||||||||||||||||||||||||||||||||||||||||||||||||||||||||||
Dagger||1|Dagger|||2|6|0|0|0.5||||||||115|0|0|0|0|||15|45|0|0|0|0|132|0|0|0|0|||3.8|11.3|0|0|0|0|80|80|0|0|0|||5.65|16.9|30|0|0|0|||||||||||||||||||||||||||||||||||||||||||||||||||||||||||||||||||||||||||||||100|0|0|0|0|||0|0|0|0|0|0
Parrying Dagger||2|Dagger|||4|9|0|0|0.5||||||||80|0|0|0|0|||10|50|0|0|0|0|92|0|0|0|0|||2.5|12.5|0|0|0|0|56|56|0|0|0|||3.75|18.75|30|0|0|0|||||||||||||||||||||||||||||||||||||||||||||||||||||||||||||||||||||||||||||||112|0|0|0|0|||0|0|0|0|0|0
Bandit's Knife||3|Dagger|||3|11|0|0|1||||||||130|0|0|0|0|||35|0|0|0|0|0|149|0|0|0|0|||8.8|0|0|0|0|0|117|25|0|0|0|||23.67|0|10|0|0|0|||||||||||||||||||||||||||||||||||||||||||||||||||||||||||||||||||||||||||||||80|0|0|0|0|||0|0|0|0|0|0
Shadow Dagger||4|Dagger|||4|16|0|0|1.5||||||||120|0|0|0|0|||55|15|0|0|0|0|138|0|0|0|0|||13.8|3.8|0|0|0|0|84|84|0|0|0|||20.65|5.65|30|0|0|0|||||||||||||||||||||||||||||||||||||||||||||||||||||||||||||||||||||||||||||||120|0|0|0|0|||0|0|0|0|0|0
Thief Dagger||5|Dagger|||2|7|0|0|0.5||||||||145|0|0|0|0|||15|0|0|0|0|0|166|0|0|0|0|||3.8|0|0|0|0|0|101|101|0|0|0|||5.65|0|30|0|0|0|||||||||||||||||||||||||||||||||||||||||||||||||||||||||||||||||||||||||||||||115|0|0|0|0|||0|0|0|0|0|0
Broken Thief Sword||6|Dagger|||9|5|0|0|1||||||||120|0|0|0|0|||35|0|0|0|0|0|138|0|0|0|0|||8.8|0|0|0|0|0|84|84|0|0|0|||13.15|0|30|0|0|0|||||||||||||||||||||||||||||||||||||||||||||||||||||||||||||||||||||||||||||||125|0|0|0|0|||0|0|0|0|0|0
Manikin Knife||7|Dagger|||6|14|0|0|1||||||||105|0|0|0|0|||20|25|0|0|0|0|120|0|0|0|0|||5|6.3|0|0|0|0|102|44|0|0|0|||10.5|13.16|18|0|0|0|||||||||||||||||||||||||||||||||||||||||||||||||||||||||||||||||||||||||||||||65|90|0|0|0|||0|0|20|0|0|0
Royal Dirk||8|Dagger|||11|15|0|0|2||||||||150|0|0|0|0|||20|37.8|0|0|0|0|172|0|0|0|0|||5|9.5|0|0|0|0|105|105|0|0|0|||7.5|14.15|28.3|0|0|0|||||||||||||||||||||||||||||||||||||||||||||||||||||||||||||||||||||||||||||||75|0|0|45|0|||0|0|0|0|20|0
Mytha's Bent Blade||9|Dagger|||5|20|0|0|0.5||||No|No|||100|0|0|0|0|||0|42.8|0|0|0|0|161|0|0|0|0|||12.5|5|0|0|0|0|98|98|0|0|0|||18.75|7.5|30|0|0|0|||||||||||||||||||||||||||||||||||||||||||||||||||||||||||||||||||||||||||||||102|0|0|0|0|||0|0|0|0|0|0
Black Flamestone Dagger||10|Dagger|||10|12|0|0|4||||||||140|0|0|0|0|||50|20|0|0|0|0|115|0|0|0|0|||3.8|6.3|0|0|0|0|63|38|0|0|0|||5.085|8.46|33|0|0|0|||||||||||||||||||||||||||||||||||||||||||||||||||||||||||||||||||||||||||||||87|0|0|0|0|||0|0|0|0|0|0
Blue Dagger||11|Dagger|||6|14|0|0|0.5||||||||100|0|0|0|0|||15|25|0|0|0|0|80|103|0|0|0|||2.5|2.5|15|0|0|0|50|151|0|0|0|||4.5|4.5|39.2|0|0|0|||||||||||||||||||||||||||||||||||||||||||||||||||||||||||||||||||||||||||||||122|0|0|0|0|||0|0|0|0|0|0
Umbral Dagger||12|Dagger|||12|20|0|0|2||||||||70|0|0|0|0|||0|65|0|0|0|0|230|0|0|0|0|||12.5|6.3|0|0|0|0|140|140|0|0|0|||18.75|9.4|30|0|0|0|||||||||||||||||||||||||||||||||||||||||||||||||||||||||||||||||||||||||||||||150|0|0|0|0|||0|0|0|0|0|0
Retainer's Short Sword||13|Dagger|||11|15|15|0|2||||||||70|90|0|0|0|||10|10|20|0|0|0|258|0|0|0|0|||12.5|6.3|0|0|0|0|157|157|0|0|0|||18.75|9.4|30|0|0|0|||||||||||||||||||||||||||||||||||||||||||||||||||||||||||||||||||||||||||||||110|0|0|0|0|||0|0|0|0|0|0
Shortsword||14|Straight Sword|||7|10|0|0|2||||||||200|0|0|0|0|||50|25|0|0|0|0|184|0|0|0|0|||8.8|0|0|0|0|0|112|112|0|0|0|||13.15|0|30|0|0|0|||||||||||||||||||||||||||||||||||||||||||||||||||||||||||||||||||||||||||||||85|0|50|0|0|||0|0|0|20|0|0
Longsword||15|Straight Sword|||10|9|0|0|3||||||||225|0|0|0|0|||50|25|0|0|0|0|276|0|0|0|0|||13.8|3.8|0|0|0|0|168|168|0|0|0|||20.65|5.65|30|0|0|0|||||||||||||||||||||||||||||||||||||||||||||||||||||||||||||||||||||||||||||||90|0|0|0|0|||0|0|0|0|0|0
Broken Straight Sword||16|Straight Sword|||2|3|0|0|2||||||||160|0|0|0|0|||35|0|0|0|0|0|264|0|0|0|0|||8.8|2.5|0|0|0|0|161|161|0|0|0|||13.15|3.75|30|0|0|0|||||||||||||||||||||||||||||||||||||||||||||||||||||||||||||||||||||||||||||||72|0|0|0|0|||0|0|0|0|0|0
Broadsword||17|Straight Sword|||11|6|0|0|3||||||||240|0|0|0|0|||55|15|0|0|0|0|287|0|0|0|0|||12.5|6.3|0|0|0|0|175|175|0|0|0|||18.75|9.4|30|0|0|0|||||||||||||||||||||||||||||||||||||||||||||||||||||||||||||||||||||||||||||||70|0|0|0|35|||0|0|0|0|0|20
Foot Soldier Sword||18|Straight Sword|||7|6|0|0|2||||||||230|0|0|0|0|||35|10|0|0|0|0|149|207|0|0|0|||3.8|5|30|0|0|0|72|187|0|0|0|||7.91|10.5|72.8|0|0|0|||||||||||||||||||||||||||||||||||||||||||||||||||||||||||||||||||||||||||||||140|0|0|0|0|||0|0|0|0|0|0
Varangian Sword||19|Straight Sword|||14|6|0|0|5||||||||250|0|0|0|0|||50|25|0|0|0|0|172|0|0|103|0|||12.5|6.3|0|0|30|0|107|86|0|64|0|||22.5|11.28|44.8|0|33.6|0|||||||||||||||||||||||||||||||||||||||||||||||||||||||||||||||||||||||||||||||125|0|0|0|0|||0|0|0|0|0|0
Blue Flame||20|Straight Sword||100|13|15|12|0|3||||||||130|180|0|0|0|||15|20|40|0|0|0|235|0|0|0|0|||25|2.5|0|0|0|0|143|143|0|0|0|||37.5|3.75|30|0|0|0|||||||||||||||||||||||||||||||||||||||||||||||||||||||||||||||||||||||||||||||145|0|0|0|0|||0|0|0|0|0|0
Heide Knight Sword||21|Straight Sword|||11|10|0|0|4|||||No|||150|0|0|90|0|||50|25|0|0|40|0|201|0|0|0|0|||20|11.3|0|0|0|0|122|122|0|0|0|||30|16.9|30|0|0|0|||||||||||||||||||||||||||||||||||||||||||||||||||||||||||||||||||||||||||||||135|0|0|0|0|||0|0|0|0|0|0
Red Rust Sword||22|Straight Sword|||23|13|0|0|8||||||||205|0|0|0|0|||100|10|0|0|0|0|281|0|0|0|0|||12.5|6.3|0|0|0|0|171|171|0|0|0|||18.75|9.4|30|0|0|0|||||||||||||||||||||||||||||||||||||||||||||||||||||||||||||||||||||||||||||||140|0|0|0|0|||0|0|0|0|0|0
Sun Sword||23|Straight Sword|||15|13|0|0|3||||||||175|0|0|0|0|||80|45|0|0|0|0|345|0|0|0|0|||0|0|0|0|0|0|210|210|0|0|0|||0|0|0|0|0|0|||||||||||||||||||||||||||||||||||||||||||||||||||||||||||||||||||||||||||||||150|0|0|0|0|||0|0|0|0|0|0
Drakekeeper's Sword||24|Straight Sword|||16|8|0|0|6||||||||245|0|0|0|0|||50|25|0|0|0|0|253|0|0|0|0|||12.5|5|0|0|0|0|154|154|0|0|0|||18.75|7.5|30|0|0|0|||||||||||||||||||||||||||||||||||||||||||||||||||||||||||||||||||||||||||||||135|0|0|0|0|||0|0|0|0|0|0
Black Dragon Sword||25|Straight Sword|||20|15|0|0|4|||||No|||300|0|0|0|0|||0|0|0|0|0|0|195|0|115|0|0|||3.8|2.5|0|30|0|0|135|60|79|0|0|||8.1925|5.4375|22|29|0|0|||||||||||||||||||||||||||||||||||||||||||||||||||||||||||||||||||||||||||||||125|0|0|0|0|||0|0|0|0|0|0
Yellow Quartz Longsword||26|Straight Sword|||13|8|0|0|2||||||||220|0|0|0|0|||50|20|0|0|0|0|207|0|0|0|0|||12.5|8.8|0|0|0|0|143|108|0|0|0|||27.1875|19.0675|22|0|0|0|||||||||||||||||||||||||||||||||||||||||||||||||||||||||||||||||||||||||||||||125|0|0|0|0|||0|0|0|0|0|0
Possessed Armor Sword||27|Straight Sword|||20|13|0|0|5||||No|No|||170|0|100|0|0|||15|10|0|40|0|0|166|0|0|0|0|||3.8|22.5|0|0|0|0|91|111|0|0|0|||5.085|30.375|31.075|0|0|0|||||||||||||||||||||||||||||||||||||||||||||||||||||||||||||||||||||||||||||||187|0|0|0|0|||0|0|0|0|0|0
Ashen Warrior Sword||28|Straight Sword|||10|18|0|0|3||||||||180|0|0|0|0|||50|35|0|0|0|0|161|0|0|0|80|||0|15|0|0|0|30|111|42|0|0|55|||0|32.5|22|0|0|29|||||||||||||||||||||||||||||||||||||||||||||||||||||||||||||||||||||||||||||||0|190|0|0|0|||0|0|47.5|0|0|0
Puzzling Stone Sword||29|Straight Sword|||7|6|0|0|2||||||||145|0|0|0|0|||15|90|0|0|0|0|322|0|0|0|0|||12.5|6.3|0|0|0|0|196|196|0|0|0|||18.75|9.4|30|0|0|0|||||||||||||||||||||||||||||||||||||||||||||||||||||||||||||||||||||||||||||||140|0|40|0|0|||0|0|0|18.75|0|0
Fume Sword||30|Straight Sword|||15|22|0|0|3||||||||140|0|0|0|70|||0|60|0|0|0|40|287|0|0|0|0|||6.3|15|0|0|0|0|210|72|0|0|0|||13.16|31.5|33.6|0|0|0|||||||||||||||||||||||||||||||||||||||||||||||||||||||||||||||||||||||||||||||105|0|0|40|0|||0|0|0|0|20|0
Ivory Straight Sword||31|Straight Sword|||6|40|0|0|2||||No|No|||255|0|0|0|0|||0|0|0|0|0|0|333|0|0|0|0|||12.5|6.3|0|0|0|0|203|203|0|0|0|||18.75|9.4|30|0|0|0|||||||||||||||||||||||||||||||||||||||||||||||||||||||||||||||||||||||||||||||100|0|0|40|0|||0|0|0|0|26.25|0
Bastard Sword||32|Greatsword|||20|11|0|0|6||||||||280|0|0|0|0|||50|25|0|0|0|0|310|0|0|0|0|||13.8|3.8|0|0|0|0|202|100|0|0|0|||30.975|8.475|24|0|0|0|||||||||||||||||||||||||||||||||||||||||||||||||||||||||||||||||||||||||||||||92|75|0|0|0|||0|0|35|0|0|0
Flamberge||33|Greatsword|||16|15|0|0|7|||||No|||250|0|0|0|0|||25|60|0|0|0|0|322|0|0|0|0|||20|2.5|0|0|0|0|196|196|0|0|0|||30|3.75|30|0|0|0|||||||||||||||||||||||||||||||||||||||||||||||||||||||||||||||||||||||||||||||170|0|0|0|0|||0|0|0|0|0|0
Claymore||34|Greatsword|||20|13|0|0|8||||||||290|0|0|0|0|||50|25|0|0|0|0|345|0|0|0|0|||20|2.5|0|0|0|0|210|210|0|0|0|||30|3.75|30|0|0|0|||||||||||||||||||||||||||||||||||||||||||||||||||||||||||||||||||||||||||||||170|0|0|0|0|||0|0|0|0|0|0
Royal GS||35|Greatsword|||20|15|0|0|6|||||No|||270|0|0|0|0|||55|15|0|0|0|0|310|0|0|0|0|||10.7|13.2|0|0|0|0|189|189|0|0|0|||16.05|19.8|28.3|0|0|0|||||||||||||||||||||||||||||||||||||||||||||||||||||||||||||||||||||||||||||||145|0|0|0|0|||0|0|0|0|0|0
Old Knight GS||36|Greatsword|||25|12|0|0|13||||||||280|0|0|0|0|||80|10|0|0|0|0|287|0|0|0|0|||11.3|13.8|0|0|0|0|175|175|0|0|0|||16.9|20.65|30|0|0|0|||||||||||||||||||||||||||||||||||||||||||||||||||||||||||||||||||||||||||||||105|25|0|25|0|||0|0|0|0|0|0
Mastodon GS||37|Greatsword|||30|12|0|0|16||||||||300|0|0|0|0|||80|10|0|0|0|0|287|0|0|0|0|||11.3|13.8|0|0|0|0|175|175|0|0|0|||16.9|20.65|30|0|0|0|||||||||||||||||||||||||||||||||||||||||||||||||||||||||||||||||||||||||||||||115|0|0|0|0|||0|0|0|0|0|0
Drangleic Sword||38|Greatsword|||25|20|0|0|9||||||||270|0|0|0|0|||42.8|52.8|0|0|0|0|431|0|0|0|0|||0|0|0|0|0|0|262|262|0|0|0|||0|0|0|0|0|0|||||||||||||||||||||||||||||||||||||||||||||||||||||||||||||||||||||||||||||||90|0|45|0|0|||0|0|0|17.5|0|0
Mirrah GS||39|Greatsword|||16|20|0|0|7||||||||250|0|0|0|0|||45|55|0|0|0|0|0|437|0|0|0|||0|0|54.7|0|0|0|0|304|0|0|0|||0|0|152|0|0|0|||||||||||||||||||||||||||||||||||||||||||||||||||||||||||||||||||||||||||||||180|0|0|0|0|||0|0|0|0|0|0
Old Mirrah GS||40|Greatsword|||16|20|0|0|7||||||||250|0|0|0|0|||45|55|0|0|0|0|322|0|92|0|0|||13.2|2.5|0|28.3|0|0|252|48|72|0|0|||29.7|5.625|26.45|39.675|0|0|||||||||||||||||||||||||||||||||||||||||||||||||||||||||||||||||||||||||||||||200|0|0|0|0|||0|0|0|0|0|0
Bluemoon GS||41|Greatsword|||28|10|0|0|15||||||||375|0|0|0|0|||0|0|0|0|0|0|241|0|0|92|0|||12.5|6.3|0|0|30|0|161|107|0|61|0|||28.125|14.1|20|0|30|0|||||||||||||||||||||||||||||||||||||||||||||||||||||||||||||||||||||||||||||||175|0|0|0|0|||0|0|0|0|0|0
Moonlight GS||42|Greatsword|||18|18|18|0|8||||No|No|||0|380|0|0|0|||0|0|95|0|0|0|230|0|0|92|0|||12.5|3.8|0|0|39.6|0|180|48|0|72|0|||28.125|8.475|30|0|59.325|0|||||||||||||||||||||||||||||||||||||||||||||||||||||||||||||||||||||||||||||||165|0|0|0|0|||0|0|0|0|0|0
Black Knight GS||43|Greatsword|||28|20|12|12|12|||||No|||280|0|80|0|0|||52.8|10|0|37.8|0|0|212|172|0|0|0|||3.8|5|52.5|0|0|0|147|179|0|0|0|||9.3225|12.375|84|0|0|0|||||||||||||||||||||||||||||||||||||||||||||||||||||||||||||||||||||||||||||||140|0|55|0|0|||0|0|0|20|0|0
Thorned GS||44|Greatsword|||20|15|0|14|8||||||||210|0|0|80|0|||50|25|0|0|40|0|322|0|0|0|0|||16.25|8|0|0|0|0|238|238|0|0|0|||0|0|0|0|0|0|||||||||||||||||||||||||||||||||||||||||||||||||||||||||||||||||||||||||||||||230|0|0|0|0|||0|0|0|0|0|0
Defender GS||45|Greatsword|||20|12|0|15|8||||No|No|||200|0|0|80|0|||50|15|0|0|52.8|0|322|0|0|0|0|||12.75|6.25|0|0|0|0|213|231|0|0|0|||18.585|5.085|33|0|0|0|||||||||||||||||||||||||||||||||||||||||||||||||||||||||||||||||||||||||||||||195|0|0|0|0|||0|0|0|0|0|0
Watcher GS||46|Greatsword|||18|16|15|0|8||||No|No|||185|150|0|0|0|||15|20|70|0|0|0|322|0|0|0|0|||10.5|5.25|0|0|0|0|182|200|0|0|0|||18.585|5.085|33|0|0|0|||||||||||||||||||||||||||||||||||||||||||||||||||||||||||||||||||||||||||||||177|0|0|0|0|||0|0|0|0|0|0
Ruler's Sword (1mil)||47|Greatsword|||20|20|16|16|8||||||||280|0|0|0|0|||65|32|0|0|0|0|391|0|0|0|0|||0|0|0|0|0|0|196|71|0|46|0|||9.605|38.25|52|0|0|0|||||||||||||||||||||||||||||||||||||||||||||||||||||||||||||||||||||||||||||||225|0|0|0|0|||0|0|0|0|0|0
Ruler's Sword (400k)||48|Greatsword|||20|20|16|16|8||||||||280|0|0|0|0|||51|25|0|0|0|0|391|0|0|0|0|||13.8|3.8|0|0|0|0|144|177|0|0|0|||1.71|33.75|33|0|0|0|||||||||||||||||||||||||||||||||||||||||||||||||||||||||||||||||||||||||||||||185|0|0|0|65|||0|0|0|0|0|42.5
Ruler's Sword (0)||49|Greatsword|||20|20|16|16|8||||||||280|0|0|0|0|||42|21|0|0|0|0|333|0|0|0|0|||13.8|3.8|0|0|0|0|182|69|91|0|0|||19.0675|21.75|29|38|0|0|||||||||||||||||||||||||||||||||||||||||||||||||||||||||||||||||||||||||||||||215|0|0|0|0|||0|0|0|0|0|0
Black Dragon GS||50|Greatsword|||25|16|0|0|9|||||No|||340|0|0|0|0|||0|0|0|0|0|0|241|57|0|57|0|||3.8|15|0|0|0|0|252|252|0|0|0|||20.65|9.375|30|0|0|0|||||||||||||||||||||||||||||||||||||||||||||||||||||||||||||||||||||||||||||||150|0|0|0|0|||0|0|0|0|0|0
Key to the Embedded||51|Greatsword|||15|20|0|0|4||||No|No|||220|0|0|0|0|||25|55|0|0|0|0|264|0|0|0|0|||1.3|25|0|0|0|0|280|280|0|0|0|||41.25|5.65|30|0|0|0|||||||||||||||||||||||||||||||||||||||||||||||||||||||||||||||||||||||||||||||120|0|0|0|0|||0|0|0|0|0|0
Majestic GS||53|Greatsword|||25|25|20|20|9||||No|No|||290|0|0|0|0|||55|15|0|0|0|0|414|0|0|0|0|||13.8|6.3|0|0|0|0|231|231|0|0|0|||41.25|5.65|30|0|0|0|||||||||||||||||||||||||||||||||||||||||||||||||||||||||||||||||||||||||||||||110|0|0|0|0|||0|0|0|0|0|0
Drakeblood GS||54|Greatsword|||20|18|0|0|6||||||||210|50|0|50|0|||15|60|0|0|0|0|460|0|0|0|0|||27.5|3.8|0|0|0|0|252|66|99|0|0|||42.225|14.1|28|42|0|0|||||||||||||||||||||||||||||||||||||||||||||||||||||||||||||||||||||||||||||||122|0|0|0|0|||0|0|0|0|0|0
Loyce GS||55|Greatsword|||25|28|0|0|8||||||||230|0|0|0|0|||5|100|0|0|0|0|402|0|0|0|0|||18.8|2.5|0|0|0|0|322|322|0|0|0|||20.65|7.5|30|0|0|0|||||||||||||||||||||||||||||||||||||||||||||||||||||||||||||||||||||||||||||||95|0|0|0|0|||0|0|0|0|0|0
Charred Loyce GS||56|Greatsword|||25|28|0|0|9||||||||180|0|90|0|0|||35|40|0|35|0|0|379|0|0|0|0|||27.5|3.8|0|0|0|0|273|273|0|0|0|||32.25|9.4|28.3|0|0|0|||||||||||||||||||||||||||||||||||||||||||||||||||||||||||||||||||||||||||||||125|0|0|0|0|||0|0|0|0|0|0
Zweihander||57|Ultra Greatsword|||24|12|0|0|12||||||||360|0|0|0|0|||55|25|0|0|0|0|322|0|126|0|0|||18.8|6.3|0|30|0|0|248|248|0|0|0|||12.3|16.05|28.3|0|0|0|||||||||||||||||||||||||||||||||||||||||||||||||||||||||||||||||||||||||||||||135|0|0|0|0|||0|0|0|0|0|0
Greatsword||58|Ultra Greatsword|||28|10|0|0|22||||||||400|0|0|0|0|||110|15|0|0|0|0|529|0|0|0|0|||13.8|5|0|0|0|0|315|315|0|0|0|||45|3.75|30|0|0|0|||||||||||||||||||||||||||||||||||||||||||||||||||||||||||||||||||||||||||||||125|0|0|0|0|||0|0|0|0|0|0
Old Knight UGS||59|Ultra Greatsword|||24|10|0|0|20||||||||350|0|0|0|0|||75|10|0|0|0|0|448|0|0|0|0|||21.5|6.3|0|0|0|0|333|88|0|0|117|||30.562|61.124|30|0|0|89.25|||||||||||||||||||||||||||||||||||||||||||||||||||||||||||||||||||||||||||||||105|0|0|0|0|||0|0|0|0|0|0
Drakekeeper's UGS||60|Ultra Greatsword|||38|13|0|0|20||||||||330|0|0|0|0|||110|15|0|0|0|0|408|0|0|0|0|||8.2|10.7|0|0|0|0|270|331|0|0|0|||35.46|5.085|33|0|0|0|||||||||||||||||||||||||||||||||||||||||||||||||||||||||||||||||||||||||||||||82|0|0|0|0|||0|0|0|0|0|0
Black Knight UGS||61|Ultra Greatsword|||30|16|0|0|20|||||No|||280|0|110|0|0|||75|25|0|40|0|0|517|0|0|0|0|||30|2.5|0|0|0|0|217|99|0|0|0|||29.9425|21.75|22|0|0|0|||||||||||||||||||||||||||||||||||||||||||||||||||||||||||||||||||||||||||||||190|0|0|0|0|||0|0|0|0|0|0
Smelter Sword||62|Ultra Greatsword|||40|10|0|0|22||||No|No|||350|0|170|0|0|||35|20|0|40|0|0|425|0|0|0|149|||8.8|5|0|0|0|63.8|180|100|0|0|0|||8.475|25.35|20|0|0|0|||||||||||||||||||||||||||||||||||||||||||||||||||||||||||||||||||||||||||||||180|0|0|0|0|||0|0|0|0|0|0
Lost Sinner's Sword||63|Ultra Greatsword|||24|18|0|0|12||||||||460|0|0|0|0|||55|20|0|0|0|0|494|0|0|0|0|||26.3|3.8|0|0|0|0|140|140|0|0|0|||7.5|20.65|30|0|0|0|||||||||||||||||||||||||||||||||||||||||||||||||||||||||||||||||||||||||||||||200|0|0|0|0|||0|0|0|0|0|0
Pursuer's UGS||64|Ultra Greatsword|||30|18|0|0|18||||||||390|0|0|0|0|||86|25|0|0|0|0|345|0|0|0|0|||13.8|10|0|0|0|0|154|154|0|0|0|||5.65|16.9|30|0|0|0|||||||||||||||||||||||||||||||||||||||||||||||||||||||||||||||||||||||||||||||145|0|0|0|0|||0|0|0|0|0|0
Drakewing UGS||65|Ultra Greatsword|||20|18|0|0|12||||||||355|0|0|0|0|||32.8|42.8|0|0|0|0|276|0|0|0|0|||3.8|11.3|0|0|0|0|171|171|0|0|0|||7.5|15|30|0|0|0|||||||||||||||||||||||||||||||||||||||||||||||||||||||||||||||||||||||||||||||115|0|0|0|0|||0|0|0|0|0|0
King's UGS||66|Ultra Greatsword|||50|10|0|0|28||||||||450|0|0|0|0|||120|10|0|0|0|0|230|0|0|0|0|||5|13.8|0|0|0|0|133|133|0|0|0|||5.65|26.25|30|0|0|0|||||||||||||||||||||||||||||||||||||||||||||||||||||||||||||||||||||||||||||||120|0|0|0|0|||0|0|0|0|0|0
Crypt Blacksword||67|Ultra Greatsword|||40|10|12|12|24|||||No|||370|0|0|0|130|||35|20|0|0|0|85|253|0|0|0|0|||3.8|11.3|0|0|0|0|175|175|0|0|0|||7.5|9.4|30|0|0|0|||||||||||||||||||||||||||||||||||||||||||||||||||||||||||||||||||||||||||||||95|0|0|0|0|||0|0|0|0|0|0
Fume UGS||68|Ultra Greatsword|||40|30|0|0|28||||No|No|||430|0|0|0|0|||105|15|0|0|0|0|281|0|0|0|0|||5|10|0|0|0|0|189|189|0|0|0|||19.8|3.75|28.3|0|0|0|||||||||||||||||||||||||||||||||||||||||||||||||||||||||||||||||||||||||||||||125|0|0|0|0|||0|0|0|0|0|0
Aged Smelter Sword||69|Ultra Greatsword|||40|10|0|0|22||||No|No|||350|170|0|0|0|||35|20|40|0|0|0|218|0|0|0|0|||3.8|17.5|0|0|0|0|175|175|0|0|0|||3.75|17.9|28.3|0|0|0|||||||||||||||||||||||||||||||||||||||||||||||||||||||||||||||||||||||||||||||115|0|0|0|0|||0|0|0|0|0|0
Ivory King UGS||70|Ultra Greatsword|||30|30|0|0|14||||No|No|||300|0|0|0|0|||55|40|0|0|0|0|287|0|0|0|0|||5|6.3|0|0|0|0|147|147|0|0|0|||3.75|17.9|28.3|0|0|0|||||||||||||||||||||||||||||||||||||||||||||||||||||||||||||||||||||||||||||||120|0|0|0|0|||0|0|0|0|0|0
Falchion||71|Curved Sword|||9|13|0|0|2.5||||||||240|0|0|0|0|||15|45|0|0|0|0|310|0|0|0|0|||13.2|2.5|0|0|0|0|143|108|0|0|0|||2.755|50.315|30.8|0|0|0|||||||||||||||||||||||||||||||||||||||||||||||||||||||||||||||||||||||||||||||130|0|0|0|0|||0|0|0|0|0|0
Shotel||72|Curved Sword|||10|16|0|0|2.5||||||||200|0|0|0|0|||20|55|0|0|0|0|287|0|0|0|0|||2.5|12|0|0|0|0||||||||||||||||||||||||||||||||||||||||||||||||||||||||||||||||||||||||||||||||||||||||||||90|0|0|0|0|||0|0|0|0|0|0
Scimitar||73|Curved Sword|||7|16|0|0|1.5||||||||220|0|0|0|0|||15|45|0|0|0|0|241|0|0|0|0|||2.5|12|0|0|0|0|266|266|0|0|0||||||0|0|0|||||||||||||||||||||||||||||||||||||||||||||||||||||||||||||||||||||||||||||||105|0|0|0|0|||0|0|0|0|0|0
Manikin Sabre||74|Curved Sword|||6|19|0|0|2.5||||||||245|0|0|0|0|||20|40|0|0|0|0|189|0|0|0|0|||1.3|23.2|0|0|0|0|252|252|0|0|0||||||0|0|0|||||||||||||||||||||||||||||||||||||||||||||||||||||||||||||||||||||||||||||||115|0|0|0|0|||0|0|0|0|0|0
Monastery Scimitar||75|Curved Sword|||9|22|0|0|1.5||||||||190|0|0|0|0|||15|70|0|0|0|0|437|0|0|0|0|||3.8|14.8|0|0|0|0|392|167|0|0|0||||||0|0|0|||||||||||||||||||||||||||||||||||||||||||||||||||||||||||||||||||||||||||||||75|0|0|0|0|||0|0|0|0|0|0
Melu Scimitar||75|Curved Sword|||12|9|0|0|4||||||||250|0|0|0|0|||20|25|0|0|0|0|414|0|0|0|0|||10|14.8|0|0|0|0|182|223|0|0|0||||||0|0|0|||||||||||||||||||||||||||||||||||||||||||||||||||||||||||||||||||||||||||||||80|0|0|0|0|||0|0|0|0|0|0
Red Rust Scimitar||76                                                                                                                                                                                                                                                                                 [73/1214]|Curved Sword|||18|15|0|0|6||||||||270|0|0|0|0|||52.8|10|0|0|0|0|460|0|0|0|0|||15|16.3|0|0|0|0|161|161|0|0|0||||||0|0|0|||||||||||||||||||||||||||||||||||||||||||||||||||||||||||||||||||||||||||||||55|0|55|0|0|||0|0|0|35|0|0
Warped Sword||77|Curved Sword|||15|25|0|0|3.5||||||||250|0|0|0|0|||10|47.8|0|0|0|0|333|0|0|0|0|||25|8.8|0|0|0|0|168|168|0|0|0||||||0|0|0|||||||||||||||||||||||||||||||||||||||||||||||||||||||||||||||||||||||||||||||117|0|0|0|0|||0|0|0|0|0|0
Spider Fang||78|Curved Sword|||10|25|0|0|2||||||||210|0|0|0|0|||10|47.8|0|0|0|0|264|0|0|0|0|||3.8|14.8|0|0|0|0|172|93|0|0|0||||||0|0|0|||||||||||||||||||||||||||||||||||||||||||||||||||||||||||||||||||||||||||||||150|0|0|0|0|||0|0|0|0|0|0
Eleum Loyce||79|Curved Sword|||18|27|0|14|3.5||||||||165|0|0|0|0|||5|92.5|0|0|0|0|276|0|0|0|0|||3.8|14.8|0|0|0|0|175|175|0|0|0||||||0|0|0|||||||||||||||||||||||||||||||||||||||||||||||||||||||||||||||||||||||||||||||97|0|0|0|0|||0|0|0|0|0|0
Murakumo||80|Curved Greatsword|||20|20|0|0|12||||||||380|0|0|0|0|||15|59|0|0|0|0|218|0|0|0|0|||0|25|0|0|0|0|172|100|0|0|0||||||0|0|0|||||||||||||||||||||||||||||||||||||||||||||||||||||||||||||||||||||||||||||||110|0|0|0|0|||0|0|0|0|0|0
Arced Sword||81|Curved Greatsword|||26|16|0|0|14||||||||360|0|0|0|0|||40|59|0|0|0|0|287|0|0|0|0|||0|20|0|0|0|0|168|168|0|0|0||||||0|0|0|||||||||||||||||||||||||||||||||||||||||||||||||||||||||||||||||||||||||||||||120|0|0|0|0|||0|0|0|0|0|0
Curved Dragon GS||82|Curved Greatsword|||30|18|0|0|18||||||||400|0|0|0|0|||60|65|0|0|0|0|264|0|0|0|0|||3.8|14.8|0|0|0|0|182|182|0|0|0||||||0|0|0|||||||||||||||||||||||||||||||||||||||||||||||||||||||||||||||||||||||||||||||125|0|0|0|0|||0|0|0|0|0|0
Curved Nil GS (NG)||83|Curved Greatsword|||28|26|0|0|17||||No|No|||290|0|0|0|0|||100|35|0|0|0|0|276|0|0|0|0|||8.2|10.7|0|0|0|0|162|108|0|0|0||||||0|0|0|||||||||||||||||||||||||||||||||||||||||||||||||||||||||||||||||||||||||||||||140|0|0|0|0|||0|0|0|0|0|0
Uchigatana||84|Katana|||10|16|0|0|5||||||||230|0|0|0|0|||15|59|0|0|0|0|299|0|0|0|0|||0|12.5|0|0|0|0|147|147|0|0|0||||||0|0|0|||||||||||||||||||||||||||||||||||||||||||||||||||||||||||||||||||||||||||||||100|0|0|0|0|||0|0|0|0|0|0
Washing Pole||85|Katana|||18|20|0|0|10||||||||240|0|0|0|0|||15|59|0|0|0|0|207|0|0|0|0|||0|23.8|0|0|0|0|161|161|0|0|0||||||0|0|0|||||||||||||||||||||||||||||||||||||||||||||||||||||||||||||||||||||||||||||||145|0|0|0|0|||0|0|0|0|0|0
Blacksteel Katana||86|Katana|||14|25|0|0|8||||||||190|0|0|0|0|||0|100|0|0|0|0|241|0|0|0|0|||13.8|3.8|0|0|0|0|105|105|0|0|0||||||0|0|0|||||||||||||||||||||||||||||||||||||||||||||||||||||||||||||||||||||||||||||||190|0|0|0|0|||0|0|0|0|0|0
Chaos Blade||87|Katana|||12|25|0|0|6||||||||250|0|0|0|0|||0|80|0|0|0|0|264|0|0|0|0|||5|10|0|0|0|0|112|112|0|0|0||||||0|0|0|||||||||||||||||||||||||||||||||||||||||||||||||||||||||||||||||||||||||||||||100|0|0|30|0|||0|0|0|0|18.75|0
Manslayer||88|Katana|||11|18|0|0|6|||||No|||230|0|0|0|0|||15|59|0|0|0|0|172|0|0|0|0|||10|6.3|0|0|0|0|93|32|93|0|0|||||||0|0|||||||||||||||||||||||||||||||||||||||||||||||||||||||||||||||||||||||||||||||90|0|0|0|0|||0|0|0|0|0|0
Berseker Blade||89|Katana|||18|18|0|0|6||||||||240|0|0|0|0|||32.8|42.8|0|0|0|0|184|0|0|0|0|||0|25|0|0|0|0|164|164|0|0|0||||||0|0|0|||||||||||||||||||||||||||||||||||||||||||||||||||||||||||||||||||||||||||||||105|40|0|0|0|||0|0|7.5|0|0|0
Darkdrift||90|Katana|||12|28|0|0|3||||||||260|0|0|0|0|||0|50|0|0|0|0|126|0|126|0|0|||0|11.3|0|52.5|0|0|225|60|0|0|0||||||0|0|0|||||||||||||||||||||||||||||||||||||||||||||||||||||||||||||||||||||||||||||||195|0|0|0|0|||0|0|0|0|0|0
Bewitched Alonne Sword||91|Katana|||22|30|0|0|9||||||||180|0|0|0|0|||0|95|0|0|0|0|270|0|0|0|0|||2.5|12.5|0|0|0|0|136|136|0|0|0||||||0|0|0|||||||||||||||||||||||||||||||||||||||||||||||||||||||||||||||||||||||||||||||185|0|0|0|0|||0|0|0|0|0|0
Estoc||92|Thrusting Sword|||12|12|0|0|3||||||||210|0|0|0|0|||55|15|0|0|0|0|345|0|0|0|0|||0|0|0|0|0|0|191|145|0|0|0||||||0|0|0|||||||||||||||||||||||||||||||||||||||||||||||||||||||||||||||||||||||||||||||145|0|0|0|0|||0|0|0|0|0|0
Rapier||93|Thrusting Sword|||5|12|0|0|1.5||||||||230|0|0|0|0|||20|40|0|0|0|0|224|0|0|0|0|||0|15.7|0|0|0|0|168|168|0|0|0||||||0|0|0|||||||||||||||||||||||||||||||||||||||||||||||||||||||||||||||||||||||||||||||195|0|0|0|0|||0|0|0|0|0|0
Mail Breaker||94|Thrusting Sword|||5|12|0|0|0.5||||||||150|0|0|0|0|||40|25|0|0|0|0|253|0|0|0|0|||5|10|0|0|0|0|175|175|0|0|0||||||0|0|0|||||||||||||||||||||||||||||||||||||||||||||||||||||||||||||||||||||||||||||||190|0|0|0|0|||0|0|0|0|0|0
Ricard's Rapier||95|Thrusting Sword|||8|25|0|0|2||||||||160|0|0|0|0|||0|100|0|0|0|0|276|0|0|0|0|||13.8|0|0|0|0|0|196|196|0|0|0||||||0|0|0|||||||||||||||||||||||||||||||||||||||||||||||||||||||||||||||||||||||||||||||170|0|60|0|0|||0|0|0|20|0|0
Chaos Rapier||96|Thrusting Sword|||7|14|13|13|1.5||||||||110|0|110|0|0|||0|45|0|70|0|0|287|0|0|0|0|||13.8|3.8|0|0|0|0|140|140|0|0|0||||||0|0|0|||||||||||||||||||||||||||||||||||||||||||||||||||||||||||||||||||||||||||||||200|0|0|0|0|||0|0|0|0|0|0
Espada Ropera||97|Thrusting Sword|||11|18|0|0|2||||||||235|0|0|0|0|||10|50|0|0|0|0|322|0|0|0|0|||24.5|0|0|0|0|0|203|203|0|0|0||||||0|0|0|||||||||||||||||||||||||||||||||||||||||||||||||||||||||||||||||||||||||||||||205|0|0|0|0|||0|0|0|0|0|0
Black Scorpion Stinger||98|Thrusting Sword|||10|18|0|0|2|||||No|||300|0|0|0|0|||0|0|0|0|0|0|230|0|0|0|0|||13.8|3.8|0|0|0|0|266|266|0|0|0||||||0|0|0|||||||||||||||||||||||||||||||||||||||||||||||||||||||||||||||||||||||||||||||105|0|0|0|0|||0|0|0|0|0|0
Spider's Silk||99|Thrusting Sword|||5|20|0|0|0.5||||||||195|0|0|0|0|||0|62.8|0|0|0|0|333|0|0|0|0|||13.8|0|0|0|0|0|180|36|0|54|0||||||0||0|||||||||||||||||||||||||||||||||||||||||||||||||||||||||||||||||||||||||||||||120|0|0|0|0|||0|0|0|0|0|0
Ice Rapier||100|Thrusting Sword|||13|15|0|0|1.5||||||||220|0|0|0|0|||20|40|0|0|0|0|437|0|0|0|0|||23.8|2.5|0|0|0|0|162|30|0|0|0||||||0|0|0|||||||||||||||||||||||||||||||||||||||||||||||||||||||||||||||||||||||||||||||110|0|0|0|0|||0|0|0|0|0|0
Hand Axe||101|Axe|||9|3|0|0|2||||||||240|0|0|0|0|||55|0|0|0|0|0|230|0|0|69|0|||13.2|2.5|0|0|28.3|0|201|115|0|0|0||||||0|0|0|||||||||||||||||||||||||||||||||||||||||||||||||||||||||||||||||||||||||||||||130|0|0|0|0|||0|0|0|0|0|0
Battle Axe||102|Axe|||15|5|0|0|4||||||||250|0|0|0|0|||55|15|0|0|0|0|207|0|0|0|0|||22.5|0|0|0|0|0|273|273|0|0|0||||||0|0|0|||||||||||||||||||||||||||||||||||||||||||||||||||||||||||||||||||||||||||||||125|0|0|0|0|||0|0|0|0|0|0
Butcher's Knife||103|Axe|||25|8|0|0|16||||||||280|0|0|0|0|||97.8|0|0|0|0|0|241|92|0|0|0|||13.8|6.3|11.3|0|0|0|259|259|0|0|0||||||0|0|0|||||||||||||||||||||||||||||||||||||||||||||||||||||||||||||||||||||||||||||||120|0|0|0|0|||0|0|0|0|0|0
Infantry Axe||104|Axe|||13|4|0|0|3.5||||||||200|0|0|0|0|||55|15|0|0|0|0|448|0|0|0|0|||18.8|2.5|0|0|0|0|203|203|0|0|0||||||0|0|0|||||||||||||||||||||||||||||||||||||||||||||||||||||||||||||||||||||||||||||||20|0|0|0|0|||0|0|0|0|0|0
Bandit Axe||105|Axe|||18|5|0|0|5||||||||290|0|0|0|0|||55|0|0|0|0|0|425|0|0|0|0|||8.8|2.5|0|0|0|0|273|273|0|0|0||||||0|0|0|||||||||||||||||||||||||||||||||||||||||||||||||||||||||||||||||||||||||||||||145|0|0|0|0|||0|0|0|0|0|0
Gyrm Axe||106|Axe|||28|6|0|0|18||||||||380|0|0|0|0|||95|10|0|0|0|0|333|0|0|0|0|||18.8|6.3|0|0|0|0|266|266|0|0|0||||||0|0|0|||||||||||||||||||||||||||||||||||||||||||||||||||||||||||||||||||||||||||||||50|0|0|45|80|||0|0|0|0|5|10
Dragonslayer's Crescent Axe||107|Axe|||18|12|0|0|7||||||||200|0|0|60|0|||52.8|10|0|0|37.8|0|448|0|0|0|0|||23.8|2.5|0|0|0|0|306|72|108|0|0|||||||0|0|||||||||||||||||||||||||||||||||||||||||||||||||||||||||||||||||||||||||||||||135|0|0|0|0|||0|0|0|0|0|0
Bound Hand Axe||108|Axe|||15|7|0|0|3.5||||||||180|0|0|0|0|||90|0|0|0|0|0|437|0|0|0|0|||23.8|2.5|0|0|0|0|280|280|0|0|0||||||0|0|0|||||||||||||||||||||||||||||||||||||||||||||||||||||||||||||||||||||||||||||||165|0|0|0|0|||0|0|0|0|0|0
Crescent Axe||109|Great Axe|||25|14|0|0|12||||||||210|80|0|0|0|||55|25|15|0|0|0|391|0|138|0|0|||23.8|3.8|0|30|0|0|287|287|0|0|0||||||0|0|0|||||||||||||||||||||||||||||||||||||||||||||||||||||||||||||||||||||||||||||||145|0|0|0|0|||0|0|0|0|0|0
Greataxe||110|Great Axe|||32|10|0|0|15||||||||390|0|0|0|0|||75|10|0|0|0|0|460|0|0|0|0|||22.5|0|0|0|0|0|147|147|0|0|0||||||0|0|0|||||||||||||||||||||||||||||||||||||||||||||||||||||||||||||||||||||||||||||||180|0|0|0|0|||0|0|0|0|0|0
Bandit GA||111|Great Axe|||28|8|0|0|10||||||||370|0|0|0|0|||35|10|0|0|0|0|471|0|0|0|0|||0|0|0|0|0|0|168|168|0|0|0||||||0|0|0|||||||||||||||||||||||||||||||||||||||||||||||||||||||||||||||||||||||||||||||210|0|0|0|0|||0|0|0|0|0|0
Lion GA||112|Great Axe|||30|8|0|0|12||||||||290|0|0|0|0|||75|25|0|0|0|0|241|0|0|0|0|||25|0|0|0|0|0|198|132|0|0|0||||||0|0|0|||||||||||||||||||||||||||||||||||||||||||||||||||||||||||||||||||||||||||||||150|0|0|0|0|||0|0|0|0|0|0
Gyrm GA||113|Great Axe|||50|8|0|0|24||||||||390|0|0|0|0|||95|10|0|0|0|0|276|0|0|0|0|||20|2.5|0|0|0|0|182|182|0|0|0||||||0|0|0|||||||||||||||||||||||||||||||||||||||||||||||||||||||||||||||||||||||||||||||250|0|0|0|0|||0|0|0|0|0|0
Drakekeeper's GA||114|Great Axe|||40|14|0|0|24||||||||380|0|0|0|0|||95|10|0|0|0|0|253|0|0|0|0|||22.5|0|0|0|0|0|175|175|0|0|0||||||0|0|0|||||||||||||||||||||||||||||||||||||||||||||||||||||||||||||||||||||||||||||||125|0|0|0|0|||0|0|0|0|0|0
Black Knight GA||115|Great Axe|||40|18|10|10|20|||||No|||340|0|120|0|0|||95|15|0|40|0|0|299|0|0|0|0|||20|0|0|0|0|0|168|168|0|0|0||||||0|0|0|||||||||||||||||||||||||||||||||||||||||||||||||||||||||||||||||||||||||||||||260|0|0|0|0|||0|0|0|0|0|0
Giant Stone Axe||116|Great Axe|||45|8|0|0|25||||||||400|0|0|0|0|||90|0|0|0|0|0|287|0|0|0|0|||19.5|0|0|0|0|0|28|28|0|0|0||||||0|0|0|||||||||||||||||||||||||||||||||||||||||||||||||||||||||||||||||||||||||||||||260|0|0|0|0|||0|0|0|0|0|0
Black Dragon GA||117|Great Axe|||35|15|0|0|12|||||No|||410|0|0|0|0|||0|0|0|0|0|0|276|0|0|0|0|||13.8|3.8|0|0|0|0|203|203|0|0|0||||||0|0|0|||||||||||||||||||||||||||||||||||||||||||||||||||||||||||||||||||||||||||||||215|0|0|0|0|||0|0|0|0|0|0
Club||118|Hammer|||12|3|0|0|4||||||||210|0|0|0|0|||100|0|0|0|0|0|46|0|0|0|0|||0|0|0|0|0|0|91|27|0|82|146||||||0|||||||||||||||||||||||||||||||||||||||||||||||||||||||||||||||||||||||||||||||||225|0|0|0|0|||0|0|0|0|0|0
Mace||119|Hammer|||12|5|0|0|4||||||||240|0|0|0|0|||80|10|0|0|0|0|333|0|0|0|0|||13.8|0|0|0|0|0|202|135|0|0|0||||||0|0|0|||||||||||||||||||||||||||||||||||||||||||||||||||||||||||||||||||||||||||||||210|0|0|0|0|||0|0|0|0|0|0
Morning Star||120|Hammer|||15|7|0|0|4|||||No|||220|0|0|0|0|||90|0|0|0|0|0|115|0|0|103|184|||6.3|6.3|0|0|7.5|15|231|231|0|0|0||||||0|0|0|||||||||||||||||||||||||||||||||||||||||||||||||||||||||||||||||||||||||||||||225|0|0|0|0|||0|0|0|0|0|0
Reinforced Club||121|Hammer|||16|3|0|0|4||||||||260|0|0|0|0|||80|0|0|0|0|0|310|0|0|0|0|||12|6.3|0|0|0|0|203|203|0|0|0||||||0|0|0|||||||||||||||||||||||||||||||||||||||||||||||||||||||||||||||||||||||||||||||235|0|0|0|0|||0|0|0|0|0|0
Craftsman's Hammer||122|Hammer|||20|10|0|0|3||||||||250|0|0|0|0|||77.8|0|0|0|0|0|379|0|0|0|0|||0|0|0|0|0|0|252|252|0|0|0||||||0|0|0|||||||||||||||||||||||||||||||||||||||||||||||||||||||||||||||||||||||||||||||215|0|0|0|0|||0|0|0|0|0|0
Aldia Hammer||123|Hammer|||18|12|0|0|3.5||||||||240|0|0|0|0|||55|15|0|0|0|0|333|0|0|0|0|||13.8|2.5|0|0|0|0|294|294|0|0|0||||||0|0|0|||||||||||||||||||||||||||||||||||||||||||||||||||||||||||||||||||||||||||||||190|0|0|0|75|||0|0|0|0|0|27.5
Handmaid's Ladle||124|Hammer|||6|5|0|0|0.2||||||||40|0|0|0|0|||0|0|0|0|0|0|414|0|0|0|0|||30|0|0|0|0|0|210|210|0|0|0||||||0|0|0|||||||||||||||||||||||||||||||||||||||||||||||||||||||||||||||||||||||||||||||140|0|90|0|0|||0|0|0|25|0|0
Blacksmith's Hammer||125|Hammer|||15|7|0|0|6||||||||290|0|0|0|0|||55|0|0|0|0|0|483|0|0|0|0|||23.8|0|0|0|0|0|350|350|0|0|0||||||0|0|0|||||||||||||||||||||||||||||||||||||||||||||||||||||||||||||||||||||||||||||||200|0|0|0|0|||0|0|0|0|0|0
Mace of the Insolent||126|Hammer|||15|10|0|10|4||||||||100|0|0|90|160|||25|25|0|0|10|20|345|0|0|0|0|||23.8|0|0|0|0|0|175|175|0|0|0||||||0|0|0|||||||||||||||||||||||||||||||||||||||||||||||||||||||||||||||||||||||||||||||250|0|0|0|0|||0|0|0|0|0|0
Barbed Club||127|Hammer|||20|18|0|0|5||||||||270|0|0|0|0|||47.8|25|0|0|0|0|575|0|0|0|0|||0|0|0|0|0|0|364|364|0|0|0||||||0|0|0|||||||||||||||||||||||||||||||||||||||||||||||||||||||||||||||||||||||||||||||105|0|0|0|0|||0|0|0|0|0|0
Black Dragon Warpick||128|Hammer|||20|15|0|0|6|||||No|||330|0|0|0|0|||0|0|0|0|0|0|287|0|0|0|0|||20|3.8|0|0|0|0|364|364|0|0|0||||||0|0|0|||||||||||||||||||||||||||||||||||||||||||||||||||||||||||||||||||||||||||||||120|0|0|0|0|||0|0|0|0|0|0
Homunculus Mace||129|Hammer|||14|9|0|0|6||||||||290|0|0|0|0|||55|10|0|0|0|0|598|0|0|0|0|||23.8|0|0|0|0|0|301|301|0|0|0||||||0|0|0|||||||||||||||||||||||||||||||||||||||||||||||||||||||||||||||||||||||||||||||95|0|0|0|0|||0|0|0|0|0|0
Large Club||130|Great Hammer|||26|4|0|0|12||||||||360|0|0|0|0|||120|0|0|0|0|0|598|0|0|0|0|||0|0|0|0|0|0|315|315|0|0|0||||||0|0|0|||||||||||||||||||||||||||||||||||||||||||||||||||||||||||||||||||||||||||||||115|0|0|0|0|||0|0|0|0|0|0
Great Club||131|Great Hammer|||28|4|0|0|15||||||||420|0|0|0|0|||95|0|0|0|0|0|494|0|0|0|0|||23.8|0|0|0|0|0|294|294|0|0|0||||||0|0|0|||||||||||||||||||||||||||||||||||||||||||||||||||||||||||||||||||||||||||||||95|0|0|0|0|||0|0|0|0|0|0
Pickaxe||132|Great Hammer|||22|8|0|0|8||||||||300|0|0|0|0|||95|0|0|0|0|0|517|0|0|0|0|||23.8|0|0|0|0|0|315|315|0|0|0||||||0|0|0|||||||||||||||||||||||||||||||||||||||||||||||||||||||||||||||||||||||||||||||75|0|0|0|55|||0|0|0|0|0|20
Old Knight Hammer||133|Great Hammer|||30|6|0|0|18||||||||500|0|0|0|0|||0|0|0|0|0|0|483|0|0|0|0|||23.8|0|0|0|0|0|329|329|0|0|0||||||0|0|0|||||||||||||||||||||||||||||||||||||||||||||||||||||||||||||||||||||||||||||||105|0|0|50|0|||0|0|0|0|20|0
Archdrake Mace||134|Great Hammer|||20|16|0|0|6||||||||250|0|0|0|0|||80|15|0|0|0|0|517|0|0|0|0|||23.8|0|0|0|0|0|301|301|0|0|0||||||0|0|0|||||||||||||||||||||||||||||||||||||||||||||||||||||||||||||||||||||||||||||||135|0|0|0|0|||0|0|0|0|0|0
Giant Warrior Club||135|Great Hammer|||60|6|0|0|30||||||||520|0|0|0|0|||95|0|0|0|0|0|540|0|0|0|0|||20|0|0|0|0|0|342|90|0|0|135||||||0|0||||||||||||||||||||||||||||||||||||||||||||||||||||||||||||||||||||||||||||||||120|0|0|0|0|||0|0|0|0|0|0
Malformed Skull||136|Great Hammer|||35|7|0|0|12||||||||520|0|0|0|0|||0|0|0|0|0|0|494|0|0|0|0|||20|0|0|0|0|0|252|108|162|0|0|||||||0|0|||||||||||||||||||||||||||||||||||||||||||||||||||||||||||||||||||||||||||||||80|0|60|0|0|||0|0|0|18.75|0|0
Gyrm Great Hammer||137|Great Hammer|||40|4|0|0|20||||||||430|0|0|0|0|||95|0|0|0|0|0|437|0|0|0|172|||18.8|0|0|0|0|41.3|340|59|0|0|0||||||0|0|0|||||||||||||||||||||||||||||||||||||||||||||||||||||||||||||||||||||||||||||||130|0|0|0|0|||0|0|0|0|0|0
Drakekeeper's Great Hammer||138|Great Hammer|||50|10|0|0|20||||||||450|0|0|0|0|||95|0|0|0|0|0|322|0|207|0|0|||13.8|5|0|37.5|0|0|315|308|0|0|0||||||0|0|0|||||||||||||||||||||||||||||||||||||||||||||||||||||||||||||||||||||||||||||||150|0|0|0|0|||0|0|0|0|0|0
Drakekeeper's Warpick||139|Great Hammer|||40|14|0|0|20||||||||420|0|0|0|0|||95|0|0|0|0|0|460|0|0|0|0|||23.8|0|0|0|0|0|147|147|0|0|0||||||0|0|0|||||||||||||||||||||||||||||||||||||||||||||||||||||||||||||||||||||||||||||||162|0|0|0|0|||0|0|0|0|0|0
Demon's Great Hammer||140|Great Hammer|||50|8|0|0|26||||||||450|0|0|0|0|||95|0|0|0|0|0|575|0|0|0|0|||23.8|0|0|0|0|0|168|168|0|0|0||||||0|0|0|||||||||||||||||||||||||||||||||||||||||||||||||||||||||||||||||||||||||||||||165|0|0|0|0|||0|0|0|0|0|0
Dragon Tooth||141|Great Hammer|||50|10|0|0|20||||||||470|0|0|0|0|||80|0|0|0|0|0|241|0|0|0|0|||8.8|11.3|0|0|0|0|133|133|0|0|0||||||0|0|0|||||||||||||||||||||||||||||||||||||||||||||||||||||||||||||||||||||||||||||||175|0|0|0|0|||0|0|0|0|0|0
Malformed Shell||142|Great Hammer|||35|8|0|0|18||||||||430|0|0|0|0|||80|0|0|0|0|0|276|0|0|0|0|||3.8|14.8|0|0|0|0|161|161|0|0|0||||||0|0|0|||||||||||||||||||||||||||||||||||||||||||||||||||||||||||||||||||||||||||||||205|0|0|0|0|||0|0|0|0|0|0
Sacred Chime Hammer||143|Great Hammer|||40|12|12|12|22||||||||380|0|0|0|150|||75|0|0|0|0|55|218|0|0|0|0|||12.5|11.3|0|0|0|0|133|133|0|0|0||||||0|0|0|||||||||||||||||||||||||||||||||||||||||||||||||||||||||||||||||||||||||||||||52|0|0|0|0|||0|0|0|0|0|0
Iron King Hammer||144|Great Hammer|||50|8|0|0|24||||||||280|0|180|0|0|||55|20|0|50|0|0|264|0|0|0|0|||2.5|16.3|0|0|0|0|135|66|0|0|99||||||0|0||||||||||||||||||||||||||||||||||||||||||||||||||||||||||||||||||||||||||||||||125|60|0|0|0|||0|0|20|0|0|0
Sanctum Mace||145|Great Hammer|||35|6|0|0|17||||||||400|0|0|0|0|||95|0|0|0|0|0|218|0|0|0|0|||11.3|13.8|0|0|0|0|189|60|0|90|0||||||0||0|||||||||||||||||||||||||||||||||||||||||||||||||||||||||||||||||||||||||||||||175|0|0|0|0|||0|0|0|0|0|0
Smelter Hammer||146|Great Hammer|||70|6|0|0|35||||||||500|0|0|0|0|||95|0|0|0|0|0|172|0|0|0|126|||10|6.3|0|0|0|30|189|189|0|0|0||||||0|0|0|||||||||||||||||||||||||||||||||||||||||||||||||||||||||||||||||||||||||||||||180|0|0|0|0|||0|0|0|0|0|0
Spear||147|Spear|||9|12|0|0|3.5||||||||210|0|0|0|0|||35|45|0|0|0|0|241|0|0|115|0|||5|6.3|0|0|30|0|168|168|0|0|0||||||0|0|0|||||||||||||||||||||||||||||||||||||||||||||||||||||||||||||||||||||||||||||||190|0|0|0|0|||0|0|0|0|0|0
Winged Spear||148|Spear|||11|18|0|0|4.5||||||||240|0|0|0|0|||15|59|0|0|0|0|310|0|0|0|0|||3.8|10.7|0|0|0|0|144|72|108|0|0|||||||0|0|||||||||||||||||||||||||||||||||||||||||||||||||||||||||||||||||||||||||||||||165|0|0|0|0|||0|0|0|0|0|0
Pike||149|Spear|||12|16|0|0|8||||||||190|0|0|0|0|||50|45|0|0|0|0|276|0|0|0|0|||3.8|11.3|0|0|0|0|182|182|0|0|0||||||0|0|0|||||||||||||||||||||||||||||||||||||||||||||||||||||||||||||||||||||||||||||||160|0|65|0|0|||0|0|0|18.75|0|0
Partizan||150|Spear|||12|20|0|0|4.5||||||||230|0|0|0|0|||10|65|0|0|0|0|184|0|138|0|0|||3.8|2.5|0|28.3|0|0|189|231|0|0|0||||||0|0|0|||||||||||||||||||||||||||||||||||||||||||||||||||||||||||||||||||||||||||||||155|0|0|0|105|||0|0|0|0|0|20
Stone Soldier Spear||151|Spear|||16|20|0|0|7||||||||190|0|0|0|0|||45|55|0|0|0|0|299|0|0|0|0|||19.5|0|0|0|0|0|0|186|0|0|137||||||0|0||||||||||||||||||||||||||||||||||||||||||||||||||||||||||||||||||||||||||||||||140|0|0|0|0|||0|0|0|0|0|0
Silverblack Spear||152|Spear|||9|16|8|8|6||||||||150|0|0|0|110|||40|25|0|0|0|40|345|0|0|0|0|||13.8|10|0|0|0|0|227|227|0|0|0||||||0|0|0|||||||||||||||||||||||||||||||||||||||||||||||||||||||||||||||||||||||||||||||165|0|0|0|0|||0|0|0|0|0|0
Heide Spear||153|Spear|||12|25|0|0|8|||||No|||210|0|0|100|0|||20|25|0|0|40|0|373|0|0|0|0|||18.8|2.5|0|0|0|0|231|231|0|0|0||||||0|0|0|||||||||||||||||||||||||||||||||||||||||||||||||||||||||||||||||||||||||||||||130|0|0|0|0|||0|0|0|0|0|0
Pate's Spear||154|Spear|||11|27|0|0|6||||||||270|0|0|0|0|||15|42.8|0|0|0|0|379|0|0|0|0|||13.8|5|0|0|0|0|245|245|0|0|0||||||0|0|0|||||||||||||||||||||||||||||||||||||||||||||||||||||||||||||||||||||||||||||||80|0|0|0|52|||0|0|0|0|0|20
Channeler's Trident||155|Spear|||11|15|0|0|4||||||||240|0|0|0|0|||15|45|0|0|0|0|402|0|0|0|0|||13.8|6.3|0|0|0|0|287|287|0|0|0||||||0|0|0|||||||||||||||||||||||||||||||||||||||||||||||||||||||||||||||||||||||||||||||125|0|0|0|0|||0|0|0|0|0|0
Spitfire Spear||156|Spear|||10|18|0|0|10||||||||160|0|120|0|0|||15|10|0|37.8|0|0|471|0|0|0|0|||23.8|0|0|0|0|0|175|175|0|0|0||||||0|0|0|||||||||||||||||||||||||||||||||||||||||||||||||||||||||||||||||||||||||||||||135|0|0|0|0|||0|0|0|0|0|0
Dragonslayer Spear||157|Spear|||16|25|0|14|10||||No|No|||180|0|0|105|0|||15|59|0|0|40|0|385|0|0|0|0|||0|0|0|0|0|0|225|180|0|0|0||||||0|0|0|||||||||||||||||||||||||||||||||||||||||||||||||||||||||||||||||||||||||||||||90|60|0|0|0|||0|0|20|0|0|0
Gargoyle Bident||158|Spear|||15|25|0|0|12||||||||260|0|0|0|0|||77.8|0|0|0|0|0|287|138|0|0|0|||18.8|6.3|30|0|0|0|343|146|0|0|0||||||0|0|0|||||||||||||||||||||||||||||||||||||||||||||||||||||||||||||||||||||||||||||||70|0|0|0|50|||0|0|0|0|0|18.75
Yorgh's Spear||159|Spear|||30|25|0|0|19||||||||300|0|0|0|0|||55|40|0|0|0|0|402|0|0|0|0|||12.5|11.3|0|0|0|0|252|252|0|0|0||||||0|0|0|||||||||||||||||||||||||||||||||||||||||||||||||||||||||||||||||||||||||||||||140|0|0|0|0|||0|0|0|0|0|0
Pilgrim's Spontoon||160|Spear|||11|12|30|30|3.5||||||||0|180|0|0|180|||0|0|40|0|0|40|414|0|0|0|0|||11.3|13.8|0|0|0|0|266|266|0|0|0||||||0|0|0|||||||||||||||||||||||||||||||||||||||||||||||||||||||||||||||||||||||||||||||115|0|0|50|0|||0|0|0|0|18.75|0
Lucerne||161|Halberd|||18|14|0|0|5||||||||325|0|0|0|0|||75|10|0|0|0|0|437|0|0|0|0|||23.8|2.5|0|0|0|0|231|231|0|0|0||||||0|0|0|||||||||||||||||||||||||||||||||||||||||||||||||||||||||||||||||||||||||||||||135|0|0|40|0|||0|0|0|0|20|0
Scythe||162|Halberd|||20|11|0|0|5||||||||330|0|0|0|0|||55|20|0|0|0|0|379|0|0|0|0|||5|13.8|0|0|0|0|288|78|117|0|0|||||||0|0|||||||||||||||||||||||||||||||||||||||||||||||||||||||||||||||||||||||||||||||170|0|0|0|0|||0|0|0|0|0|0
Halberd||163|Halberd|||20|14|0|0|6||||||||350|0|0|0|0|||55|25|0|0|0|0|368|0|149|0|0|||6.3|10.7|0|28.3|0|0|255|115|0|0|173||||||0|0||||||||||||||||||||||||||||||||||||||||||||||||||||||||||||||||||||||||||||||||100|50|0|0|0|||0|0|17.5|0|0|0
Mastodon Halberd||164|Halberd|||26|15|0|0|16||||||||410|0|0|0|0|||95|0|0|0|0|0|356|0|0|0|241|||0|11.3|0|0|0|30|168|168|0|0|0||||||0|0|0|||||||||||||||||||||||||||||||||||||||||||||||||||||||||||||||||||||||||||||||75|0|0|0|0|||0|0|0|0|0|0
Santier's Spear||165|Halberd|||20|22|0|0|16||||||||350|0|0|0|0|||0|0|0|0|0|0|322|0|0|0|0|||0|13.8|0|0|0|0|207|254|0|0|0||||||0|0|0|||||||||||||||||||||||||||||||||||||||||||||||||||||||||||||||||||||||||||||||85|0|0|0|0|||0|0|0|0|0|0
Dragonrider's Halberd||166|Halberd|||18|17|0|0|12|||||No|||250|120|0|0|0|||75|25|40|0|0|0|379|0|0|0|0|||20|6.3|0|0|0|0|182|182|0|0|0||||||0|0|0|||||||||||||||||||||||||||||||||||||||||||||||||||||||||||||||||||||||||||||||90|0|0|0|0|||0|0|0|0|0|0
Blue Knight's Halberd||167|Halberd|||18|20|0|0|12||||||||350|0|0|0|0|||50|45|0|0|0|0|299|0|0|0|0|||3.8|11.3|0|0|0|0|134|75|0|0|88||||||0|0||||||||||||||||||||||||||||||||||||||||||||||||||||||||||||||||||||||||||||||||170|0|0|0|0|||0|0|0|0|0|0
Old Knight Halberd||168|Halberd|||16|20|0|0|15||||||||360|0|0|0|0|||45|55|0|0|0|0|184|0|0|0|120|||12.5|6.3|0|0|0|30|175|175|0|0|0||||||0|0|0|||||||||||||||||||||||||||||||||||||||||||||||||||||||||||||||||||||||||||||||92|55|0|0|0|||0|0|20|0|0|0
Old Knight Pike||169|Halberd|||20|16|0|0|16||||||||380|0|0|0|0|||95|10|0|0|0|0|287|0|0|0|0|||13.8|3.8|0|0|0|0|243|126|0|0|0||||||0|0|0|||||||||||||||||||||||||||||||||||||||||||||||||||||||||||||||||||||||||||||||105|0|0|0|0|||0|0|0|0|0|0
Syan's Halberd||170|Halberd|||20|25|0|0|12||||||||330|0|0|0|0|||20|55|0|0|0|0|310|0|0|0|0|||5|10|0|0|0|0|129|201|0|0|0||||||0|0|0|||||||||||||||||||||||||||||||||||||||||||||||||||||||||||||||||||||||||||||||125|0|0|0|0|||0|0|0|0|0|0
Black Knight Halberd||171|Halberd|||17|26|0|0|14|||||No|||320|0|130|0|0|||25|42.8|0|37.8|0|0|207|138|0|0|0|||3.8|6.3|30|0|0|0|117|72|0|0|84||||||0|0||||||||||||||||||||||||||||||||||||||||||||||||||||||||||||||||||||||||||||||||97|0|0|0|0|||0|0|0|0|0|0
Roaring Halberd||172|Halberd|||16|12|12|12|16|||||No|||310|0|0|0|210|||0|45|0|0|0|40|161|0|0|0|115|||5|9.5|0|0|0|28.3|196|196|0|0|0||||||0|0|0|||||||||||||||||||||||||||||||||||||||||||||||||||||||||||||||||||||||||||||||175|0|0|0|0|||0|0|0|0|0|0
Helix Halberd||173|Halberd|||16|20|0|0|9||||||||280|0|0|0|0|||0|55|0|0|0|0|322|0|0|0|0|||19.5|0|0|0|0|0|207|60|0|90|0||||||0||0|||||||||||||||||||||||||||||||||||||||||||||||||||||||||||||||||||||||||||||||77|0|0|0|0|||0|0|0|0|0|0
Wrathful Axe||174|Halberd|||20|22|0|28|15||||||||330|0|0|0|0|||80|25|0|0|0|0|264|0|0|115|0|||13.2|2.5|0|0|28.3|0|243|48|0|72|0||||||0||0|||||||||||||||||||||||||||||||||||||||||||||||||||||||||||||||||||||||||||||||65|0|0|0|0|||0|0|0|0|0|0
Great Scythe||175|Reaper|||12|14|0|0|5||||||||260|0|0|0|0|||15|45|0|0|0|0|310|0|0|92|0|||13.8|2.5|0|0|30|0|238|238|0|0|0||||||0|0|0|||||||||||||||||||||||||||||||||||||||||||||||||||||||||||||||||||||||||||||||75|0|0|0|0|||0|0|0|0|0|0
Silverblack Sickle||176|Reaper|||15|10|8|8|4||||||||160|0|0|0|105|||50|25|0|0|0|40|391|0|0|0|0|||12.5|6.3|0|0|0|0|167|196|0|0|0||||||0|0|0|||||||||||||||||||||||||||||||||||||||||||||||||||||||||||||||||||||||||||||||20|0|0|0|0|||0|0|0|0|0|0
Great Machete||177|Reaper|||18|16|0|0|6||||||||250|0|0|0|0|||55|15|0|0|0|0|230|115|0|0|0|||23.8|0|26.3|0|0|0|105|105|0|0|0||||||0|0|0|||||||||||||||||||||||||||||||||||||||||||||||||||||||||||||||||||||||||||||||45|0|0|0|0|||0|0|0|0|0|0
Full Moon Sickle||178|Reaper|||20|18|0|0|8|||||No|||270|0|0|0|0|||20|40|0|0|0|0|172|0|0|0|0|||12.5|6.3|0|0|0|0|127|85|0|0|0||||||0|0|0|||||||||||||||||||||||||||||||||||||||||||||||||||||||||||||||||||||||||||||||10|0|0|0|0|||0|0|0|0|0|0
Crescent Sickle||179|Reaper|||12|19|12|0|8|||||No|||180|120|0|0|0|||15|25|40|0|0|0|195|0|0|0|0|||3.8|10.7|0|0|0|0|126|126|0|0|0||||||0|0|0|||||||||||||||||||||||||||||||||||||||||||||||||||||||||||||||||||||||||||||||65|0|0|0|0|||0|0|0|0|0|0
Scythe of Nahr Alma||180|Reaper|||14|12|12|12|5|||||No|||140|0|0|0|100|||20|37.8|0|0|0|37.8|207|0|0|0|0|||20|3.8|0|0|0|0|238|238|0|0|0||||||0|0|0|||||||||||||||||||||||||||||||||||||||||||||||||||||||||||||||||||||||||||||||75|0|0|0|0|||0|0|0|0|0|0
Bone Scythe||181|Reaper|||28|20|0|0|10||||||||280|0|0|0|0|||77.8|0|0|0|0|0|391|0|0|0|0|||20|0|0|0|0|0|142|157|0|0|0||||||0|0|0|||||||||||||||||||||||||||||||||||||||||||||||||||||||||||||||||||||||||||||||82|0|0|0|0|||0|0|0|0|0|0
Scythe of Want||182|Reaper|||14|20|18|18|12||||No|No|||260|0|0|0|200|||25|42.8|0|0|0|37.8|212|126|0|0|0|||5|6.3|30|0|0|0|0|97|0|0|63||||||0|0|0|||||||||||||||||||||||||||||||||||||||||||||||||||||||||||||||||||||||||||||||72|0|0|0|0|||0|0|0|0|0|0
Heide Lance||183|Lance|||18|12|0|0|8|||||No|||230|0|0|100|0|||52.8|10|0|0|37.8|0|241|0|0|0|0|||0|11.3|0|0|0|0|147|147|0|0|0||||||0|0|0|||||||||||||||||||||||||||||||||||||||||||||||||||||||||||||||||||||||||||||||65|0|0|0|0|||0|0|0|0|0|0
Heide Greatlance||184|Lance|||20|16|0|0|10|||||No|||270|0|0|80|0|||55|10|0|0|40|0|287|0|0|0|0|||5|6.3|0|0|0|0|175|175|0|0|0||||||0|0|0|||||||||||||||||||||||||||||||||||||||||||||||||||||||||||||||||||||||||||||||77|0|0|0|0|||0|0|0|0|0|0
Grand Lance||185|Lance|||22|18|0|0|12||||||||340|0|0|0|0|||50|25|0|0|0|0|224|0|0|0|0|||0|10.7|0|0|0|0|175|36|0|0|0||||||0|0|0|||||||||||||||||||||||||||||||||||||||||||||||||||||||||||||||||||||||||||||||90|50|0|0|0|||0|0|18.75|0|0|0
Chariot Lance||186|Lance|||30|18|0|0|16||||No|No|||310|0|0|0|0|||80|10|0|0|0|0|402|0|0|0|0|||3.8|10.7|0|0|0|0|245|245|0|0|0||||||0|0|0|||||||||||||||||||||||||||||||||||||||||||||||||||||||||||||||||||||||||||||||50|0|0|65|0|||0|0|0|0|20|0
Rampart Golem Lance||187|Lance|||35|20|0|0|16||||||||200|100|0|0|0|||95|0|35|0|0|0|178|0|0|0|0|||3.8|11.3|0|0|0|0|116|77|0|0|0||||||0|0|0|||||||||||||||||||||||||||||||||||||||||||||||||||||||||||||||||||||||||||||||130|0|0|0|0|||0|0|0|0|0|0
Twinblade||188|Twinblade|||14|26|0|0|8||||||||150|0|0|0|0|||50|25|0|0|0|0|149|0|0|0|0|||13.8|3.8|0|0|0|0|91|91|0|0|0||||||0|0|0|||||||||||||||||||||||||||||||||||||||||||||||||||||||||||||||||||||||||||||||145|0|0|0|0|||0|0|0|0|0|0
Curved Twinblade||189|Twinblade|||16|20|0|0|10|||||No|||170|0|0|0|0|||15|42.8|0|0|0|0|172|0|0|0|0|||12.5|6.3|0|0|0|0|105|105|0|0|0||||||0|0|0|||||||||||||||||||||||||||||||||||||||||||||||||||||||||||||||||||||||||||||||100|0|0|0|30|||0|0|0|0|0|20
Stone Twinblade||190|Twinblade|||18|22|0|0|10||||||||130|0|0|0|0|||80|15|0|0|0|0|46|0|0|0|0|||8.8|0|0|0|0|0|36|5|0|0|0||||||0|0|0|||||||||||||||||||||||||||||||||||||||||||||||||||||||||||||||||||||||||||||||130|0|0|0|0|||0|0|0|0|0|0
Red Iron Twinblade||191|Twinblade|||26|20|0|0|14||||||||340|0|0|0|0|||80|0|0|0|0|0|103|0|0|0|0|||21.3|11.3|0|0|0|0|63|63|0|0|0||||||0|0|0|||||||||||||||||||||||||||||||||||||||||||||||||||||||||||||||||||||||||||||||37|0|0|0|0|||0|0|0|0|0|0
Dragonrider Twinblade||192|Twinblade|||20|22|0|0|18|||||No|||185|110|0|0|0|||20|25|40|0|0|0|23|0|0|0|0|||25|11.3|0|0|0|0|12|69|0|0|0||||||0|0|0|||||||||||||||||||||||||||||||||||||||||||||||||||||||||||||||||||||||||||||||43|0|0|0|0|||0|0|0|0|0|0
Sorcerer's Twinblade||193|Twinblade||20|20|30|20|20|10||||||||0|100|0|0|100|||||0|0|0|0|149|0|0|0|0|||5|13.8|0|0|0|0|91|91|0|0|0||||||0|0|0|||||||||||||||||||||||||||||||||||||||||||||||||||||||||||||||||||||||||||||||25|0|0|0|0|||0|0|0|0|0|0
Whip||194|Whip|||6|17|0|0|1.5||||||||210|0|0|0|0|||0|45|0|0|0|0|172|0|0|0|0|||5|13.8|0|0|0|0|105|105|0|0|0||||||0|0|0|||||||||||||||||||||||||||||||||||||||||||||||||||||||||||||||||||||||||||||||42|0|0|0|0|||0|0|0|0|0|0
Notched Whip||195|Whip|||12|20|0|0|2||||No|No|||205|0|0|0|0|||0|45|0|0|0|0|189|0|0|0|0|||12.5|6.3|0|0|0|0|115|115|0|0|0||||||0|0|0|||||||||||||||||||||||||||||||||||||||||||||||||||||||||||||||||||||||||||||||33|0|0|0|0|||0|0|0|0|0|20
Bloodied Whip||196|Whip|||10|15|0|0|3||||||||250|0|0|0|0|||20|25|0|0|0|0|166|0|0|0|0|||12.5|6.3|0|0|0|0|101|101|0|0|0||||||0|0|0|||||||||||||||||||||||||||||||||||||||||||||||||||||||||||||||||||||||||||||||15|0|0|0|0|||0|0|0|0|0|20
Spotted Whip||197|Whip|||9|25|0|0|2|||||No|||195|0|0|0|0|||0|42.8|0|0|0|0|149|0|0|0|0|||12.5|11.3|0|0|0|0|91|91|0|0|0||||||0|0|0|||||||||||||||||||||||||||||||||||||||||||||||||||||||||||||||||||||||||||||||||||||||||||
Old Whip||198|Whip|||7|20|0|0|2.5||||||||350|0|0|0|0|||15|42.8|0|0|0|0|178|0|0|0|0|||2.5|16.3|0|0|0|0|108|108|0|0|0||||||0|0|0|||||||||||||||||||||||||||||||||||||||||||||||||||||||||||||||||||||||||||||||||||||||||||
Claws||199|Claw|||9|10|0|0|1|||||No|||155|0|0|0|0|||15|45|0|0|0|0|207|115|0|0|0|||19.5|3.8|28.3|0|0|0|172|144|0|0|0||||||0|0|0|||||||||||||||||||||||||||||||||||||||||||||||||||||||||||||||||||||||||||||||||||||||||||
Malformed Claws||200|Claw|||16|14|0|0|1.5||||||||130|0|0|0|0|||55|15|0|0|0|0|115|0|0|149|0|||11.3|13.8|0|0|30|0|90|78|0|117|0||||||0||0|||||||||||||||||||||||||||||||||||||||||||||||||||||||||||||||||||||||||||||||||||||||||||
Manikin Claws||201|Claw|||9|18|0|0|1.5||||||||150|0|0|0|0|||50|25|0|0|0|0|299|0|0|0|0|||12.5|6.3|0|0|0|0|182|182|0|0|0||||||0|0|0|||||||||||||||||||||||||||||||||||||||||||||||||||||||||||||||||||||||||||||||||||||||||||
Work Hook||202|Claw|||6|10|0|0|1||||||||40|0|0|0|0|||35|0|0|0|0|0|333|0|0|0|0|||19.5|6.3|0|0|0|0|203|203|0|0|0||||||0|0|0|||||||||||||||||||||||||||||||||||||||||||||||||||||||||||||||||||||||||||||||||||||||||||
Caestus||203|Fists|||10|7|0|0|0.5||||||||90|0|0|0|0|||85|45|0|0|0|0|230|0|0|0|69|||6.3|11.3|0|0|0|30|174|39|0|0|52||||||0|0||||||||||||||||||||||||||||||||||||||||||||||||||||||||||||||||||||||||||||||||||||||||||||
Bone Fist||204|Fists|||15|30|0|0|1||||||||20|0|0|0|0|||100|45|0|0|0|0|299|0|0|0|0|||33.8|0|0|0|0|0|163|200|0|0|0||||||0|0|0|||||||||||||||||||||||||||||||||||||||||||||||||||||||||||||||||||||||||||||||||||||||||||
Short Bow||206|Bow|||7|12|0|0|1||||No|No|||130|0|0|0|0|||20|55|0|0|0|0|187|0|0|0|0|||0|0|0|0|0|0|85|85|0|0|0|||0|0||0|0|0|||||||||||||||||||||||||||||||||||||||||||||||||||||||||||||||||||||||||||||||||||||||||||
Long Bow||207|Bow|||10|16|0|0|2||||No|No|||150|0|0|0|0|||20|55|0|0|0|0|308|0|0|0|0|||0|0|0|0|0|0|140|140|0|0|0|||0|0||0|0|0|||||||||||||||||||||||||||||||||||||||||||||||||||||||||||||||||||||||||||||||||||||||||||
Composite Bow||208|Bow|||14|18|0|0|2||||No|No|||165|0|0|0|0|||50|25|0|0|0|0|242|0|0|0|0|||0|0|0|0|0|30|186|65|0|0|0|||0|0||0|0||||||||||||||||||||||||||||||||||||||||||||||||||||||||||||||||||||||||||||||||||||||||||||
Sea Bow||209|Bow|||16|15|0|0|2||||No|No|||145|0|0|0|0|||50|25|0|0|0|0|110|0|0|0|0|||0|0|0|0|0|30|85|29|0|0|0|||0|0||0|0||||||||||||||||||||||||||||||||||||||||||||||||||||||||||||||||||||||||||||||||||||||||||||
Bell Keeper Bow||210|Bow|||8|19|0|0|1||||No|No|||130|0|0|0|0|||50|45|0|0|0|0|||||||||||||||||||||||||||||||||||||||||||||||||||||||||||||||||||||||||||||||||||||||||||||||||||||||||||||||||||||
Hunter's Blackbow||211|Bow|||9|25|0|0|2||||No|No|||155|0|0|0|0|||10|65|0|0|0|0|||||||||||||||||||||||||||||||||||||||||||||||||||||||||||||||||||||||||||||||||||||||||||||||||||||||||||||||||||||
Dragonrider Bow||212|Bow|||20|18|0|0|3||||No|No|||180|100|0|0|0|||77.8|15|37.8|0|0|0|||||||||||||||||||||||||||||||||||||||||||||||||||||||||||||||||||||||||||||||||||||||||||||||||||||||||||||||||||||
Bow of Want||213|Bow|||9|20|0|18|2||||No|No|||100|0|0|130|0|||45|55|0|0|40|0|||||||||||||||||||||||||||||||||||||||||||||||||||||||||||||||||||||||||||||||||||||||||||||||||||||||||||||||||||||
Alonne Greatbow||214|Greatbow|||20|25|0|0|8||||No|No|||260|0|0|0|0|||50|25|0|0|0|0|||||||||||||||||||||||||||||||||||||||||||||||||||||||||||||||||||||||||||||||||||||||||||||||||||||||||||||||||||||
Dragonslayer Greatbow||215|Greatbow|||30|20|0|0|10||||No|No|||290|0|0|0|0|||77.8|25|0|0|0|0|||||||||||||||||||||||||||||||||||||||||||||||||||||||||||||||||||||||||||||||||||||||||||||||||||||||||||||||||||||
Possessed Armor Greatbow||216|Greatbow|||25|40|0|0|10||||No|No|||200|0|0|0|60|||25|45|0|0|0|40|||||||||||||||||||||||||||||||||||||||||||||||||||||||||||||||||||||||||||||||||||||||||||||||||||||||||||||||||||||
Twin-headed Greatbow||217|Greatbow|||45|15|0|0|15||||No|No|||260|0|0|0|0|||135|0|0|0|0|0|||||||||||||||||||||||||||||||||||||||||||||||||||||||||||||||||||||||||||||||||||||||||||||||||||||||||||||||||||||
Light Crossbow||218|Crossbow|||13|4|0|0|3||||No|No|||250|0|0|0|0|||0|0|0|0|0|0|||||||||||||||||||||||||||||||||||||||||||||||||||||||||||||||||||||||||||||||||||||||||||||||||||||||||||||||||||||
Heavy Crossbow||219|Crossbow|||20|6|0|0|4||||No|No|||290|0|0|0|0|||0|0|0|0|0|0|||||||||||||||||||||||||||||||||||||||||||||||||||||||||||||||||||||||||||||||||||||||||||||||||||||||||||||||||||||
Avelyn||220|Crossbow|||25|15|0|0|6||||No|No|||170|0|0|0|0|||0|0|0|0|0|0|||||||||||||||||||||||||||||||||||||||||||||||||||||||||||||||||||||||||||||||||||||||||||||||||||||||||||||||||||||
Shield Crossbow||221|Crossbow|||19|10|0|0|8||||No|No|||280|0|0|0|0|||0|0|0|0|0|0|||||||||||||||||||||||||||||||||||||||||||||||||||||||||||||||||||||||||||||||||||||||||||||||||||||||||||||||||||||
Sanctum Crossbow||222|Crossbow|||13|4|10|10|3||||No|No|||220|0|0|0|0|||0|0|0|0|0|40|||||||||||||||||||||||||||||||||||||||||||||||||||||||||||||||||||||||||||||||||||||||||||||||||||||||||||||||||||||
Sanctum Repeating Crossbow||223|Crossbow|||20|15|10|10|10||||No|No|||100|0|0|0|0|||0|0|0|0|0|40|||||||||||||||||||||||||||||||||||||||||||||||||||||||||||||||||||||||||||||||||||||||||||||||||||||||||||||||||||||
Pyromancy Flame||224|Flame||100|0|0|0|0|0|||50|No|No|||0|0|250|0|0|||0|0|0|S|||||||||||||||||||||||||||||||||||||||||||||||||||||||||||||||||||||||||||||||||||||||||||||||||||||||||||||||||||||||
Dark Pyromancy Flame||225|Flame||100|0|0|0|0|0|||50|No|No|||0|0|300|0|0||||||S|||||||||||||||||||||||||||||||||||||||||||||||||||||||||||||||||||||||||||||||||||||||||||||||||||||||||||||||||||||||
Archdrake Staff||226|Staff||125|0|0|18|15|3.5|||40|||||0|190|0|0|230|||||||||||||||||||||||||||||||||||||||||||||||||||||||||||||||||||||||||||||||||||||||||||||||||||||||||||||||||||||||||||||
Azal's Staff||227|Staff||125|0|0|35|18|4|||4|||||0|160|0|0|160|||||||||||||||||||||||||||||||||||||||||||||||||||||||||||||||||||||||||||||||||||||||||||||||||||||||||||||||||||||||||||||
Black Witch's Staff||228|Staff||120|0|0|25|0|2|||30|||||0|220|220|220|220|||||||||||||||||||||||||||||||||||||||||||||||||||||||||||||||||||||||||||||||||||||||||||||||||||||||||||||||||||||||||||||
Bat Staff||229|Staff||100|0|0|12|0|3|||60|||||0|205|0|0|205|||||||||||||||||||||||||||||||||||||||||||||||||||||||||||||||||||||||||||||||||||||||||||||||||||||||||||||||||||||||||||||
Bone Staff||231|Staff||120|0|0|20|0|4.5|||50|||||0|190|0|0|190|||||||||||||||||||||||||||||||||||||||||||||||||||||||||||||||||||||||||||||||||||||||||||||||||||||||||||||||||||||||||||||
Lizard Staff||232|Staff||80|0|0|18|0|2|||30|||||0|220|0|0|200|||||||||||||||||||||||||||||||||||||||||||||||||||||||||||||||||||||||||||||||||||||||||||||||||||||||||||||||||||||||||||||
Olenford's Staff||233|Staff||105|0|0|18|0|2.5|||50|||||0|210|0|0|250|||||||||||||||||||||||||||||||||||||||||||||||||||||||||||||||||||||||||||||||||||||||||||||||||||||||||||||||||||||||||||||
Retainer Staff||235|Staff||100|0|0|30|30|3.5|||40|||||0|300|0|0|300|||||||||||||||||||||||||||||||||||||||||||||||||||||||||||||||||||||||||||||||||||||||||||||||||||||||||||||||||||||||||||||
Sorcerer's Staff||237|Staff||135|0|0|10|0|2|||30|||||0|225|0|0|225|||||||||||||||||||||||||||||||||||||||||||||||||||||||||||||||||||||||||||||||||||||||||||||||||||||||||||||||||||||||||||||
Staff of Amana||239|Staff||100|0|0|35|0|3||||||||0|230|0|0|230|||||||||||||||||||||||||||||||||||||||||||||||||||||||||||||||||||||||||||||||||||||||||||||||||||||||||||||||||||||||||||||
Staff of Wisdom||240|Staff||110|0|0|50|0|3||||||||0|270|0|0|0|||||||||||||||||||||||||||||||||||||||||||||||||||||||||||||||||||||||||||||||||||||||||||||||||||||||||||||||||||||||||||||
Sunset Staff||241|Staff||105|0|0|22|18|2||||||||0|160|0|0|290|||||||||||||||||||||||||||||||||||||||||||||||||||||||||||||||||||||||||||||||||||||||||||||||||||||||||||||||||||||||||||||
Transgressor's Staff||242|Staff||120|0|0|15|12|3||||||||0|160|0|0|210|||||||||||||||||||||||||||||||||||||||||||||||||||||||||||||||||||||||||||||||||||||||||||||||||||||||||||||||||||||||||||||
Witchtree Branch||243|Staff||140|0|0|16|0|1||||||||0|250|0|0|250|||||||||||||||||||||||||||||||||||||||||||||||||||||||||||||||||||||||||||||||||||||||||||||||||||||||||||||||||||||||||||||
Archdrake Chime||244|Chime||120|0|0|0|22|0.5||||||||0|0|0|210|210|||||||||||||||||||||||||||||||||||||||||||||||||||||||||||||||||||||||||||||||||||||||||||||||||||||||||||||||||||||||||||||
Black Witch's Staff||245|Chime||120|0|0|20|20|2.5||||||||0|220|220|220|220|||||||||||||||||||||||||||||||||||||||||||||||||||||||||||||||||||||||||||||||||||||||||||||||||||||||||||||||||||||||||||||
Caitha's Chime||246|Chime||145|0|0|18|22|0.5||||||||0|0|0|0|250|||||||||||||||||||||||||||||||||||||||||||||||||||||||||||||||||||||||||||||||||||||||||||||||||||||||||||||||||||||||||||||
Chime of Screams||247|Chime||25|0|0|0|26|0.5||||||||0|0|0|190|190|||||||||||||||||||||||||||||||||||||||||||||||||||||||||||||||||||||||||||||||||||||||||||||||||||||||||||||||||||||||||||||
Chime of Want||248|Chime||130|0|0|15|40|0.5||||||||0|0|0|210|250|||||||||||||||||||||||||||||||||||||||||||||||||||||||||||||||||||||||||||||||||||||||||||||||||||||||||||||||||||||||||||||
Cleric's Sacred Chime||249|Chime||140|0|0|0|10|0.5||||||||0|0|0|180|160|||||||||||||||||||||||||||||||||||||||||||||||||||||||||||||||||||||||||||||||||||||||||||||||||||||||||||||||||||||||||||||
Disc Chime||250|Chime||100|0|0|0|18|2||||||||0|0|0|180|180|||||||||||||||||||||||||||||||||||||||||||||||||||||||||||||||||||||||||||||||||||||||||||||||||||||||||||||||||||||||||||||
Dragon Chime||251|Chime||145|0|0|0|50|0.5||||||||0|0|0|250|200|||||||||||||||||||||||||||||||||||||||||||||||||||||||||||||||||||||||||||||||||||||||||||||||||||||||||||||||||||||||||||||
Idol's Chime||252|Chime||105|0|0|0|25|0.5||||||||0|0|0|220|2250|||||||||||||||||||||||||||||||||||||||||||||||||||||||||||||||||||||||||||||||||||||||||||||||||||||||||||||||||||||||||||||
Priest's Chime||254|Chime||120|0|0|0|18|0.5||||||||0|0|0|109|190|||||||||||||||||||||||||||||||||||||||||||||||||||||||||||||||||||||||||||||||||||||||||||||||||||||||||||||||||||||||||||||
Protective Chime||255|Chime||140|0|0|0|25|1||||||||0|0|0|220|220|||||||||||||||||||||||||||||||||||||||||||||||||||||||||||||||||||||||||||||||||||||||||||||||||||||||||||||||||||||||||||||
Witchtree Bellvine||257|Chime||100|0|0|0|15|0.5||||||||0|0|0|200|200|||||||||||||||||||||||||||||||||||||||||||||||||||||||||||||||||||||||||||||||||||||||||||||||||||||||||||||||||||||||||||||
Benhart's Parma||258|Small Shield|86/62.5/55/62.5/62.5||||||2|||||||||||||||||||||||||||||||||||||||||||||||||||||||||||||||||||||||||||||||||||||||||||||||||||||||||||||||||||||||||||||||||||||||||
Buckler||259|Small Shield|81.2/47.5/73.7/62.5/62.||||||1.5|||||||||||||||||||||||||||||||||||||||||||||||||||||||||||||||||||||||||||||||||||||||||||||||||||||||||||||||||||||||||||||||||||||||||
Cleric's Parma||260|Small Shield|62.5/77.5/81.2/81.2/73.7||||||1.5|||||||||||||||||||||||||||||||||||||||||||||||||||||||||||||||||||||||||||||||||||||||||||||||||||||||||||||||||||||||||||||||||||||||||
Cleric's Small Shield||261|Small Shield|81.2/77.5/81.2/92.5/73.7||||||2.5|||||||||||||||||||||||||||||||||||||||||||||||||||||||||||||||||||||||||||||||||||||||||||||||||||||||||||||||||||||||||||||||||||||||||
Crimson Parma||262|Small Shield|81.2/55/40/58.7/58.7||||||1|||||||||||||||||||||||||||||||||||||||||||||||||||||||||||||||||||||||||||||||||||||||||||||||||||||||||||||||||||||||||||||||||||||||||
Cursed Bone Shield||263|Small Shield|86.8/73.7/86.8/73.7/73.7||||||3|||||||||||||||||||||||||||||||||||||||||||||||||||||||||||||||||||||||||||||||||||||||||||||||||||||||||||||||||||||||||||||||||||||||||
Foot Soldier Shield||264|Small Shield|70/66.2/40/51.2/40||||||1.5|||||||||||||||||||||||||||||||||||||||||||||||||||||||||||||||||||||||||||||||||||||||||||||||||||||||||||||||||||||||||||||||||||||||||
Golden Falcon Shield||265|Small Shield|85/73.7/73.7/73.7/73.7||||||2|||||||||||||||||||||||||||||||||||||||||||||||||||||||||||||||||||||||||||||||||||||||||||||||||||||||||||||||||||||||||||||||||||||||||
Iron Parma||266|Small Shield|88.7/47.5/73.7/73.7/62.5||||||3|||||||||||||||||||||||||||||||||||||||||||||||||||||||||||||||||||||||||||||||||||||||||||||||||||||||||||||||||||||||||||||||||||||||||
Llewellyn Shield||267|Small Shield|91.2/78.1/73.7/73.7/73.7||||||2.5|||||||||||||||||||||||||||||||||||||||||||||||||||||||||||||||||||||||||||||||||||||||||||||||||||||||||||||||||||||||||||||||||||||||||
Magic Shield||268|Small Shield|81.2/96.2/77.5/77.5/77.5||||||2|||||||||||||||||||||||||||||||||||||||||||||||||||||||||||||||||||||||||||||||||||||||||||||||||||||||||||||||||||||||||||||||||||||||||
Manikin Shield||269|Small Shield|88.7/51.2/51.2/51.2/51.2||||||2|||||||||||||||||||||||||||||||||||||||||||||||||||||||||||||||||||||||||||||||||||||||||||||||||||||||||||||||||||||||||||||||||||||||||
Phoenix Parma||270|Small Shield|77.5/55/92.5/55/55||||||1.5|||||||||||||||||||||||||||||||||||||||||||||||||||||||||||||||||||||||||||||||||||||||||||||||||||||||||||||||||||||||||||||||||||||||||
Small Leather Shield||271|Small Shield|81.2/51.2/62.5/70/55||||||0.5|||||||||||||||||||||||||||||||||||||||||||||||||||||||||||||||||||||||||||||||||||||||||||||||||||||||||||||||||||||||||||||||||||||||||
Sunlight Parma||272|Small Shield|73.7/58.7/47.5/58.7/55||||||0.5|||||||||||||||||||||||||||||||||||||||||||||||||||||||||||||||||||||||||||||||||||||||||||||||||||||||||||||||||||||||||||||||||||||||||
Target Shield||273|Small Shield|85/47.5/73.7/62.5/58.7||||||1.5|||||||||||||||||||||||||||||||||||||||||||||||||||||||||||||||||||||||||||||||||||||||||||||||||||||||||||||||||||||||||||||||||||||||||
Transgressor's Leather Shield||274|Small Shield|81.2/51.2/62.5/70/92.5||||||2|||||||||||||||||||||||||||||||||||||||||||||||||||||||||||||||||||||||||||||||||||||||||||||||||||||||||||||||||||||||||||||||||||||||||
Varangian Shield||275|Small Shield|85/55/55/55/40||||||0.3|||||||||||||||||||||||||||||||||||||||||||||||||||||||||||||||||||||||||||||||||||||||||||||||||||||||||||||||||||||||||||||||||||||||||
Watcher's Shield||276|Small Shield|95.6/69.3/69.3/91.2/82.5||||||3|||||||||||||||||||||||||||||||||||||||||||||||||||||||||||||||||||||||||||||||||||||||||||||||||||||||||||||||||||||||||||||||||||||||||
Archdrake Shield||277|Normal Shield|96.2/73.7/62.5/62.5/55||||||4|||||||||||||||||||||||||||||||||||||||||||||||||||||||||||||||||||||||||||||||||||||||||||||||||||||||||||||||||||||||||||||||||||||||||
Bell Keeper Shield||278|Normal Shield|70/88.7/40/40/40||||||2|||||||||||||||||||||||||||||||||||||||||||||||||||||||||||||||||||||||||||||||||||||||||||||||||||||||||||||||||||||||||||||||||||||||||
Black Dragon Shield||279|Normal Shield|100/65/65/65/65||||||5.5|||||||||||||||||||||||||||||||||||||||||||||||||||||||||||||||||||||||||||||||||||||||||||||||||||||||||||||||||||||||||||||||||||||||||
Black Flamestone Parma||280|Normal Shield|88.7/58.7/43.7/58.7/58.7||||||2.5|||||||||||||||||||||||||||||||||||||||||||||||||||||||||||||||||||||||||||||||||||||||||||||||||||||||||||||||||||||||||||||||||||||||||
Blossom Kite Shield||281|Normal Shield|81.2/70/73.7/73.7/73.7||||||4|||||||||||||||||||||||||||||||||||||||||||||||||||||||||||||||||||||||||||||||||||||||||||||||||||||||||||||||||||||||||||||||||||||||||
Blue Wooden Shield||282|Normal Shield|88.7/55/47.5/73.7/55||||||1|||||||||||||||||||||||||||||||||||||||||||||||||||||||||||||||||||||||||||||||||||||||||||||||||||||||||||||||||||||||||||||||||||||||||
Bone Shield||283|Normal Shield|62.5/62.5/40/40/77.5||||||6|||||||||||||||||||||||||||||||||||||||||||||||||||||||||||||||||||||||||||||||||||||||||||||||||||||||||||||||||||||||||||||||||||||||||
Bound Wooden Shield||284|Normal Shield|92.5/40/47.5/73.7/55||||||3|||||||||||||||||||||||||||||||||||||||||||||||||||||||||||||||||||||||||||||||||||||||||||||||||||||||||||||||||||||||||||||||||||||||||
Chaos Shield||285|Normal Shield|69.3/69.3/69.3/69.3||||||4.5|||||||||||||||||||||||||||||||||||||||||||||||||||||||||||||||||||||||||||||||||||||||||||||||||||||||||||||||||||||||||||||||||||||||||
Charred Loyce Shield||286|Normal Shield|100/73.7/65/69.3/56.2||||||5|||||||||||||||||||||||||||||||||||||||||||||||||||||||||||||||||||||||||||||||||||||||||||||||||||||||||||||||||||||||||||||||||||||||||
Defender's Shield||287|Normal Shield|100.0/73.7/73.7/73.7/58.7||||||6|||||||||||||||||||||||||||||||||||||||||||||||||||||||||||||||||||||||||||||||||||||||||||||||||||||||||||||||||||||||||||||||||||||||||
Drakekeeper's Shield||288|Normal Shield|100.0/73.7/73.7/73.7/58.7||||||6|||||||||||||||||||||||||||||||||||||||||||||||||||||||||||||||||||||||||||||||||||||||||||||||||||||||||||||||||||||||||||||||||||||||||
Drangleic Shield||289|Normal Shield|100/56.2/60.6/60.6/43.1||||||5.5|||||||||||||||||||||||||||||||||||||||||||||||||||||||||||||||||||||||||||||||||||||||||||||||||||||||||||||||||||||||||||||||||||||||||
Golden Wing Shield||290|Normal Shield|70/85/70/70/66.2||||||5.5|||||||||||||||||||||||||||||||||||||||||||||||||||||||||||||||||||||||||||||||||||||||||||||||||||||||||||||||||||||||||||||||||||||||||
Grand Spirit Tree Shield||291|Normal Shield|65/69.3/65/82.5/73.7||||||3|||||||||||||||||||||||||||||||||||||||||||||||||||||||||||||||||||||||||||||||||||||||||||||||||||||||||||||||||||||||||||||||||||||||||
Hollow Soldier Shield||292|Normal Shield|85/36.2/36.2/36.2/28.7||||||3|||||||||||||||||||||||||||||||||||||||||||||||||||||||||||||||||||||||||||||||||||||||||||||||||||||||||||||||||||||||||||||||||||||||||
Homunculus Wooden Shield||293|Normal Shield|88.7/73.7/47.5/73.7/58.7||||||3.5|||||||||||||||||||||||||||||||||||||||||||||||||||||||||||||||||||||||||||||||||||||||||||||||||||||||||||||||||||||||||||||||||||||||||
King's Shield||294|Normal Shield|100.0/65.0/86.8/69.3/51.8||||||5|||||||||||||||||||||||||||||||||||||||||||||||||||||||||||||||||||||||||||||||||||||||||||||||||||||||||||||||||||||||||||||||||||||||||
Large Leather Shield||295|Normal Shield|92.5/51.2/70/70/58.7||||||1.5|||||||||||||||||||||||||||||||||||||||||||||||||||||||||||||||||||||||||||||||||||||||||||||||||||||||||||||||||||||||||||||||||||||||||
Lion Clan Shield||296|Normal Shield|92.5/58.7/40/58.7/51.2||||||2.5|||||||||||||||||||||||||||||||||||||||||||||||||||||||||||||||||||||||||||||||||||||||||||||||||||||||||||||||||||||||||||||||||||||||||
Loyce Shield||297|Normal Shield|65/82.5/51.8/56.2/56.2||||||4.5|||||||||||||||||||||||||||||||||||||||||||||||||||||||||||||||||||||||||||||||||||||||||||||||||||||||||||||||||||||||||||||||||||||||||
Mirrah Shield||298|Normal Shield|92.5/55/58.7/58.7/58.7||||||4.5|||||||||||||||||||||||||||||||||||||||||||||||||||||||||||||||||||||||||||||||||||||||||||||||||||||||||||||||||||||||||||||||||||||||||
Moon Butterfly Shield||299|Normal Shield|40/36.2/36.2/36.2/36.2||||||3|||||||||||||||||||||||||||||||||||||||||||||||||||||||||||||||||||||||||||||||||||||||||||||||||||||||||||||||||||||||||||||||||||||||||
Old Knight's Shield||300|Normal Shield|100/77.5/77.5/77.5/55||||||8|||||||||||||||||||||||||||||||||||||||||||||||||||||||||||||||||||||||||||||||||||||||||||||||||||||||||||||||||||||||||||||||||||||||||
Porcine Shield||301|Normal Shield|73.7/55/73.7/55/55||||||4|||||||||||||||||||||||||||||||||||||||||||||||||||||||||||||||||||||||||||||||||||||||||||||||||||||||||||||||||||||||||||||||||||||||||
Rampart Golem Shield||302|Normal Shield|73.7/92.5/92.5/92.5/92.5||||||8|||||||||||||||||||||||||||||||||||||||||||||||||||||||||||||||||||||||||||||||||||||||||||||||||||||||||||||||||||||||||||||||||||||||||
Red Rust Shield||303|Normal Shield|100/21.2/21.2/21.2/21.2||||||5|||||||||||||||||||||||||||||||||||||||||||||||||||||||||||||||||||||||||||||||||||||||||||||||||||||||||||||||||||||||||||||||||||||||||
Royal Kite Shield||304|Normal Shield|100/58.7/73.7/62.5/55||||||4|||||||||||||||||||||||||||||||||||||||||||||||||||||||||||||||||||||||||||||||||||||||||||||||||||||||||||||||||||||||||||||||||||||||||
Sanctum Shield||305|Normal Shield|88.7/77.5/88.7/77.5/77.5||||||2|||||||||||||||||||||||||||||||||||||||||||||||||||||||||||||||||||||||||||||||||||||||||||||||||||||||||||||||||||||||||||||||||||||||||
Shield Of The Insolent||306|Normal Shield|66.2/55/55/55/47.5||||||6|||||||||||||||||||||||||||||||||||||||||||||||||||||||||||||||||||||||||||||||||||||||||||||||||||||||||||||||||||||||||||||||||||||||||
Silver Eagle Kite Shield||307|Normal Shield|92.5/47.5/70/62.5/47.5||||||3|||||||||||||||||||||||||||||||||||||||||||||||||||||||||||||||||||||||||||||||||||||||||||||||||||||||||||||||||||||||||||||||||||||||||
Silverblack Shield||308|Normal Shield|85.0/85.0/77.5/77.5/88.7||||||5.5|||||||||||||||||||||||||||||||||||||||||||||||||||||||||||||||||||||||||||||||||||||||||||||||||||||||||||||||||||||||||||||||||||||||||
Slumbering Dragon Shield||309|Normal Shield|58.7/70/70/88.7/70||||||4.5|||||||||||||||||||||||||||||||||||||||||||||||||||||||||||||||||||||||||||||||||||||||||||||||||||||||||||||||||||||||||||||||||||||||||
Spirit Tree Shield||310|Normal Shield|70/73.7/66.2/66.2/58.7||||||5|||||||||||||||||||||||||||||||||||||||||||||||||||||||||||||||||||||||||||||||||||||||||||||||||||||||||||||||||||||||||||||||||||||||||
Stone Parma||311|Normal Shield|100/40/40/40/58.7||||||5|||||||||||||||||||||||||||||||||||||||||||||||||||||||||||||||||||||||||||||||||||||||||||||||||||||||||||||||||||||||||||||||||||||||||
Vessel Shield||312|Normal Shield|73.7/43.7/55/43.7/43.7||||||7|||||||||||||||||||||||||||||||||||||||||||||||||||||||||||||||||||||||||||||||||||||||||||||||||||||||||||||||||||||||||||||||||||||||||
Watchdragon Parma||313|Normal Shield|92.5/81.2/81.2/70.0/70.0||||||4.5|||||||||||||||||||||||||||||||||||||||||||||||||||||||||||||||||||||||||||||||||||||||||||||||||||||||||||||||||||||||||||||||||||||||||
Wooden Shield||314|Normal Shield|88.7/55/47.5/73.7/55||||||1.5|||||||||||||||||||||||||||||||||||||||||||||||||||||||||||||||||||||||||||||||||||||||||||||||||||||||||||||||||||||||||||||||||||||||||
Yellow Quartz Shield||315|Normal Shield|85/51.2/55/55/43.7||||||3|||||||||||||||||||||||||||||||||||||||||||||||||||||||||||||||||||||||||||||||||||||||||||||||||||||||||||||||||||||||||||||||||||||||||
Dragonrider Greatshield||316|Greatshield|100/65/78.1/78.1/56.2||||||13.5|||||||||||||||||||||||||||||||||||||||||||||||||||||||||||||||||||||||||||||||||||||||||||||||||||||||||||||||||||||||||||||||||||||||||
Drakekeeper's Greatshield||317|Greatshield|100/77.5/81.5/81.5/70||||||16.5|||||||||||||||||||||||||||||||||||||||||||||||||||||||||||||||||||||||||||||||||||||||||||||||||||||||||||||||||||||||||||||||||||||||||
Greatshield Of Glory||318|Greatshield|100/55/92.5/62.5/70||||||15|||||||||||||||||||||||||||||||||||||||||||||||||||||||||||||||||||||||||||||||||||||||||||||||||||||||||||||||||||||||||||||||||||||||||
Gyrm Greatshield||319|Greatshield|100/47.5/100/47.5/47.5||||||15|||||||||||||||||||||||||||||||||||||||||||||||||||||||||||||||||||||||||||||||||||||||||||||||||||||||||||||||||||||||||||||||||||||||||
Havel's Greatshield||320|Greatshield|100.0/91.2/82.5/82.5/78.1||||||20|||||||||||||||||||||||||||||||||||||||||||||||||||||||||||||||||||||||||||||||||||||||||||||||||||||||||||||||||||||||||||||||||||||||||
King's Mirror||321|Greatshield|95.6/78.1/73.7/73.7/73.7||||||14.5|||||||||||||||||||||||||||||||||||||||||||||||||||||||||||||||||||||||||||||||||||||||||||||||||||||||||||||||||||||||||||||||||||||||||
Mastodon Greatshield||322|Greatshield|92.5/73.7/73.7/92.5/73.7||||||14|||||||||||||||||||||||||||||||||||||||||||||||||||||||||||||||||||||||||||||||||||||||||||||||||||||||||||||||||||||||||||||||||||||||||
Old Knight Greatshield||323|Greatshield|100.0/40.0/40.0/40.0/40.0||||||13|||||||||||||||||||||||||||||||||||||||||||||||||||||||||||||||||||||||||||||||||||||||||||||||||||||||||||||||||||||||||||||||||||||||||
Orma's Greatshield||324|Greatshield|100/38.7/60.6/60.6/69.3||||||16|||||||||||||||||||||||||||||||||||||||||||||||||||||||||||||||||||||||||||||||||||||||||||||||||||||||||||||||||||||||||||||||||||||||||
Pate's Shield||325|Greatshield|96.2/58.7/58.7/58.7/66.2||||||10.5|||||||||||||||||||||||||||||||||||||||||||||||||||||||||||||||||||||||||||||||||||||||||||||||||||||||||||||||||||||||||||||||||||||||||
Pursuer's Greatshield||326|Greatshield|100/56.2/82.5/47.5/65||||||16|||||||||||||||||||||||||||||||||||||||||||||||||||||||||||||||||||||||||||||||||||||||||||||||||||||||||||||||||||||||||||||||||||||||||
Rebel's Greatshield||327|Greatshield|77.5/92.5/92.5/92.5/88.7||||||13.5|||||||||||||||||||||||||||||||||||||||||||||||||||||||||||||||||||||||||||||||||||||||||||||||||||||||||||||||||||||||||||||||||||||||||
Reeve's Greatshield||328|Greatshield|100/38.7/60.6/60.6/69.3||||||16|||||||||||||||||||||||||||||||||||||||||||||||||||||||||||||||||||||||||||||||||||||||||||||||||||||||||||||||||||||||||||||||||||||||||
Tower Shield||329|Greatshield|100/55/81.2/62.5/55||||||13|||||||||||||||||||||||||||||||||||||||||||||||||||||||||||||||||||||||||||||||||||||||||||||||||||||||||||||||||||||||||||||||||||||||||
Twin Dragon Greatshield||330|Greatshield|96.2/66.2/58.7/73.7/55||||||7|||||||||||||||||||||||||||||||||||||||||||||||||||||||||||||||||||||||||||||||||||||||||||||||||||||||||||||||||||||||||||||||||||||||||
Wicked Eye Greatshield||331|Greatshield|85/73.7/77.5/77.5/55||||||13.8|||||||||||||||||||||||||||||||||||||||||||||||||||||||||||||||||||||||||||||||||||||||||||||||||||||||||||||||||||||||||||||||||||||||||
